/* Per-effect FRAME (06 83 b6) templates from all_modes.pcapng.
 * Order: 0x2, 0x3, 0x4, 0x5, 0x6, 0x7, 0x8, 0x9, 0xa, 0xb, 0xc, 0xd, 0xe, 0xf, 0x10, 0x11, 0x12, 0x13, 0x14 */
#define GK_EFFECT_FRAME_COUNT 19
static const unsigned char GK_EFFECT_FRAMES[19][1032] = {
/* effect 0x2 */
{
    0x06, 0x83, 0xB6, 0x00, 0x00, 0x00, 0x00, 0x00, 0x00, 0x00, 0x00, 0x00, 0x00, 0x00, 0x5A, 0xA5,
    0x03, 0x03, 0x00, 0x00, 0x00, 0x02, 0x20, 0x02, 0x00, 0x00, 0x00, 0x00, 0x55, 0x55, 0x01, 0x00,
    0x00, 0x00, 0x00, 0x00, 0xFF, 0xFF, 0x00, 0x31, 0x00, 0x34, 0x00, 0x34, 0x07, 0x34, 0x00, 0x34,
    0x00, 0x34, 0x07, 0x34, 0x07, 0x34, 0x07, 0x34, 0x07, 0x34, 0x00, 0x34, 0x07, 0x34, 0x07, 0x34,
    0x07, 0x34, 0x07, 0x34, 0x07, 0x34, 0x07, 0x34, 0x00, 0x34, 0x07, 0x34, 0x07, 0x34, 0x07, 0x34,
    0x07, 0x34, 0x07, 0x44, 0x07, 0x44, 0x07, 0x44, 0x07, 0x44, 0x07, 0x44, 0x07, 0x44, 0x07, 0x44,
    0x04, 0x04, 0x04, 0x04, 0x04, 0x04, 0x04, 0x04, 0x04, 0x04, 0x00, 0x00, 0x00, 0x00, 0x00, 0x00,
    0x00, 0x00, 0x00, 0x00, 0x00, 0x00, 0x00, 0x00, 0x00, 0x00, 0x00, 0x00, 0x00, 0x00, 0x00, 0x00,
    0x00, 0x00, 0x00, 0x00, 0x00, 0x00, 0x00, 0x00, 0x00, 0x5A, 0xA5, 0x03, 0x03, 0x00, 0x00, 0x00,
    0x0B, 0x00, 0x01, 0x00, 0x00, 0x00, 0x00, 0x55, 0x55, 0x01, 0x00, 0x00, 0x00, 0x00, 0x00, 0xFF,
    0xFF, 0x07, 0x44, 0x07, 0x44, 0x07, 0x44, 0x07, 0x44, 0x07, 0x44, 0x07, 0x44, 0x07, 0x44, 0x07,
    0x44, 0x07, 0x44, 0x07, 0x44, 0x07, 0x44, 0x07, 0x44, 0x07, 0x44, 0x07, 0x44, 0x07, 0x44, 0x07,
    0x44, 0x07, 0x44, 0x07, 0x44, 0x07, 0x44, 0x07, 0x44, 0x07, 0x44, 0x07, 0x44, 0x07, 0x44, 0x07,
    0x44, 0x07, 0x44, 0x07, 0x44, 0x07, 0x44, 0x07, 0x44, 0x07, 0x44, 0x04, 0x04, 0x04, 0x04, 0x04,
    0x04, 0x04, 0x04, 0x04, 0x04, 0x00, 0x00, 0x00, 0x00, 0x00, 0x00, 0x00, 0x00, 0x00, 0x00, 0x00,
    0x00, 0x00, 0x00, 0x00, 0x00, 0x00, 0x00, 0x00, 0x00, 0x00, 0x00, 0x00, 0x00, 0x00, 0x00, 0x00,
    0x00, 0x00, 0x00, 0x00, 0x5A, 0xA5, 0x00, 0x00, 0x44, 0x01, 0x00, 0x00, 0x06, 0x00, 0x00, 0x00,
    0x4C, 0x00, 0x00, 0x00, 0x00, 0x00, 0x00, 0x00, 0xDA, 0x3F, 0x06, 0x00, 0xDA, 0x91, 0xD9, 0x99,
    0x2A, 0x00, 0x00, 0x00, 0x2A, 0x00, 0x00, 0x00, 0x1C, 0x00, 0x30, 0x95, 0xAE, 0x5D, 0x0D, 0xA7,
    0xFF, 0xFF, 0x00, 0x00, 0x00, 0x00, 0x1B, 0x00, 0x00, 0x02, 0x00, 0x01, 0x00, 0x00, 0x02, 0x0E,
    0x00, 0x00, 0x00, 0x00, 0x21, 0x09, 0x05, 0x03, 0x01, 0x00, 0x06, 0x00, 0x05, 0x88, 0xB8, 0x00,
    0x00, 0x00, 0x00, 0x00, 0x4C, 0x00, 0x00, 0x00, 0x06, 0x00, 0x00, 0x00, 0x3C, 0x00, 0x00, 0x00,
    0x00, 0x00, 0x00, 0x00, 0xDA, 0x3F, 0x06, 0x00, 0x10, 0x97, 0xD9, 0x99, 0x1C, 0x00, 0x00, 0x00,
    0x1C, 0x00, 0x00, 0x00, 0x1C, 0x00, 0x30, 0x95, 0xAE, 0x5D, 0x0D, 0xA7, 0xFF, 0xFF, 0x00, 0x00,
    0x00, 0x00, 0x08, 0x00, 0x01, 0x02, 0x00, 0x01, 0x00, 0x00, 0x02, 0x00, 0x00, 0x00, 0x00, 0x03,
    0x3C, 0x00, 0x00, 0x00, 0x06, 0x00, 0x00, 0x00, 0x44, 0x00, 0x00, 0x00, 0x00, 0x00, 0x00, 0x00,
    0xDA, 0x3F, 0x06, 0x00, 0x13, 0x0B, 0xDA, 0x99, 0x24, 0x00, 0x00, 0x00, 0x24, 0x00, 0x00, 0x00,
    0x1C, 0x00, 0xE0, 0x68, 0x2E, 0x5D, 0x0D, 0xA7, 0xFF, 0xFF, 0x00, 0x00, 0x00, 0x00, 0x1B, 0x00,
    0x00, 0x02, 0x00, 0x01, 0x00, 0x80, 0x02, 0x08, 0x00, 0x00, 0x00, 0x00, 0xA1, 0x01, 0x06, 0x03,
    0x01, 0x00, 0x08, 0x04, 0x44, 0x00, 0x00, 0x00, 0x06, 0x00, 0x00, 0x00, 0x44, 0x04, 0x00, 0x00,
    0x00, 0x00, 0x00, 0x00, 0xDA, 0x3F, 0x06, 0x00, 0x3A, 0x37, 0xDA, 0x99, 0x24, 0x04, 0x00, 0x00,
    0x24, 0x04, 0x00, 0x00, 0x1C, 0x00, 0xE0, 0x68, 0x2E, 0x5D, 0x0D, 0xA7, 0xFF, 0xFF, 0x00, 0x00,
    0x00, 0x00, 0x08, 0x00, 0x01, 0x02, 0x00, 0x01, 0x00, 0x80, 0x02, 0x08, 0x04, 0x00, 0x00, 0x03,
    0x06, 0x88, 0x00, 0x00, 0x00, 0x00, 0x00, 0x00, 0xFF, 0x00, 0x00, 0xFF, 0xFF, 0x00, 0x00, 0xFF,
    0x00, 0x00, 0xFF, 0xFF, 0x00, 0x00, 0xFF, 0xFF, 0x00, 0xFF, 0xFF, 0xFF, 0xFF, 0xFF, 0xFF, 0xFF,
    0x00, 0x00, 0xFF, 0x00, 0xFF, 0x00, 0xFF, 0xFF, 0x00, 0xFF, 0x00, 0xFF, 0x00, 0xFF, 0xFF, 0xFF,
    0xFF, 0xFF, 0xFF, 0xFF, 0xFF, 0x00, 0x00, 0xFF, 0x00, 0xFF, 0x00, 0xFF, 0xFF, 0x00, 0xFF, 0x00,
    0xFF, 0x00, 0xFF, 0xFF, 0xFF, 0xFF, 0xFF, 0xFF, 0x00, 0x00, 0x00, 0x00, 0xFF, 0x00, 0xFF, 0x00,
    0xFF, 0xFF, 0x00, 0xFF, 0x00, 0xFF, 0x00, 0xFF, 0xFF, 0xFF, 0xFF, 0xFF, 0xFF, 0x00, 0x00, 0x00,
    0x00, 0xFF, 0x00, 0xFF, 0x00, 0xFF, 0xFF, 0x00, 0xFF, 0x00, 0xFF, 0x00, 0xFF, 0xFF, 0xFF, 0xFF,
    0xFF, 0xFF, 0xFF, 0xFF, 0x00, 0x00, 0xFF, 0x00, 0xFF, 0x00, 0xFF, 0xFF, 0x00, 0xFF, 0x00, 0xFF,
    0x00, 0xFF, 0xFF, 0xFF, 0xFF, 0xFF, 0xFF, 0xFF, 0xFF, 0x00, 0x00, 0xFF, 0x00, 0xFF, 0x00, 0xFF,
    0xFF, 0x00, 0xFF, 0x00, 0xFF, 0x00, 0xFF, 0xFF, 0xFF, 0xFF, 0xFF, 0xFF, 0x00, 0x00, 0x00, 0x00,
    0xFF, 0x00, 0xFF, 0x00, 0xFF, 0xFF, 0x00, 0xFF, 0x00, 0xFF, 0x00, 0xFF, 0xFF, 0xFF, 0xFF, 0xFF,
    0xFF, 0x00, 0x00, 0x00, 0x00, 0xFF, 0x00, 0xFF, 0x00, 0xFF, 0xFF, 0x00, 0xFF, 0x00, 0xFF, 0x00,
    0xFF, 0xFF, 0xFF, 0xFF, 0xFF, 0xFF, 0x00, 0x00, 0x00, 0x00, 0xFF, 0x00, 0xFF, 0x00, 0xFF, 0xFF,
    0x00, 0xFF, 0x00, 0xFF, 0x00, 0xFF, 0xFF, 0xFF, 0xFF, 0xFF, 0xFF, 0x00, 0x00, 0x00, 0x00, 0xFF,
    0x00, 0xFF, 0x00, 0xFF, 0xFF, 0x00, 0xFF, 0x00, 0xFF, 0x00, 0xFF, 0xFF, 0xFF, 0xFF, 0xFF, 0xFE,
    0x00, 0x00, 0x00, 0x00, 0xFF, 0x00, 0xFF, 0x00, 0xFF, 0xFF, 0x00, 0xFF, 0x00, 0xFF, 0x00, 0xFF,
    0xFF, 0xFF, 0xFF, 0xFF, 0xFF, 0x00, 0x00, 0x00, 0x00, 0xFF, 0x00, 0xFF, 0x00, 0xFF, 0xFF, 0x00,
    0xFF, 0x00, 0xFF, 0x00, 0xFF, 0xFF, 0xFF, 0xFF, 0xFF, 0xFF, 0x00, 0x00, 0x00, 0x00, 0xFF, 0x00,
    0xFF, 0x00, 0xFF, 0xFF, 0x00, 0xFF, 0x00, 0xFF, 0x00, 0xFF, 0xFF, 0xFF, 0xFF, 0xFF, 0xFF, 0x00,
    0x00, 0x00, 0x00, 0xFF, 0x00, 0xFF, 0x00, 0xFF, 0xFF, 0x00, 0xFF, 0x00, 0xFF, 0x00, 0xFF, 0xFF,
    0xFF, 0xFF, 0xFF, 0xFF, 0x00, 0x00, 0x00, 0x00, 0xFF, 0x00, 0xFF, 0x00, 0xFF, 0xFF, 0x00, 0xFF,
    0x00, 0xFF, 0x00, 0xFF, 0xFF, 0xFF, 0xFF, 0xFF, 0xFF, 0x00, 0x00, 0x00, 0x00, 0xFF, 0x00, 0xFF,
    0x00, 0xFF, 0xFF, 0x00, 0xFF, 0x00, 0xFF, 0x00, 0xFF, 0xFF, 0xFF, 0xFF, 0xFF, 0xFF, 0x00, 0x00,
    0x00, 0x00, 0xFF, 0x00, 0xFF, 0x00, 0xFF, 0xFF, 0x00, 0xFF, 0x00, 0xFF, 0x00, 0xFF, 0xFF, 0xFF,
    0xFF, 0xFF, 0x3F, 0x00, 0xFF, 0x00, 0x00, 0xFF, 0x00, 0xFF, 0x00, 0xFF, 0xFF, 0x00, 0xFF, 0x00,
    0xFF, 0x00, 0xFF, 0xFF, 0xFF, 0xFF, 0xFF, 0xFF, 0x00, 0x00, 0x00, 0x00, 0xFF, 0x00, 0xFF, 0x00,
    0xFF, 0xFF, 0x00, 0xFF, 0x00, 0xFF, 0x00, 0xFF, 0xFF, 0xFF, 0xFF, 0xFF, 0xFF, 0x00, 0x00, 0x00,
    0x00, 0xFF, 0x00, 0xFF, 0x00, 0xFF, 0xFF, 0x00, 0xFF, 0x00, 0xFF, 0x00, 0xFF, 0xFF, 0xFF, 0xFF,
    0xFF, 0xFF, 0x00, 0x00, 0x00, 0x00, 0xFF, 0x00, 0xFF, 0x00, 0xFF, 0xFF, 0x00, 0xFF, 0x00, 0xFF,
    0x00, 0xFF, 0xFF, 0xFF, 0xFF, 0xFF, 0xFF, 0x00, 0x00, 0x00, 0x00, 0xFF, 0x00, 0xFF, 0x00, 0xFF,
    0xFF, 0x00, 0xFF, 0x00, 0xFF, 0x00, 0xFF, 0xFF, 0xFF, 0xFF, 0xFF, 0xFF, 0x00, 0x00, 0xFF, 0xFF,
    0x00, 0x00, 0xFF, 0x00, 0x00, 0xFF, 0xFF, 0x00
},
/* effect 0x3 */
{
    0x06, 0x83, 0xB6, 0x00, 0x00, 0x00, 0x00, 0x00, 0x00, 0x00, 0x00, 0x00, 0x00, 0x00, 0x5A, 0xA5,
    0x03, 0x03, 0x00, 0x00, 0x00, 0x03, 0x20, 0x02, 0x00, 0x00, 0x00, 0x00, 0x55, 0x55, 0x01, 0x00,
    0x00, 0x00, 0x00, 0x00, 0xFF, 0xFF, 0x00, 0x31, 0x00, 0x34, 0x00, 0x34, 0x07, 0x34, 0x00, 0x34,
    0x00, 0x34, 0x07, 0x34, 0x07, 0x34, 0x07, 0x34, 0x07, 0x34, 0x00, 0x34, 0x07, 0x34, 0x07, 0x34,
    0x07, 0x34, 0x07, 0x34, 0x07, 0x34, 0x07, 0x34, 0x00, 0x34, 0x07, 0x34, 0x07, 0x34, 0x07, 0x34,
    0x07, 0x34, 0x07, 0x44, 0x07, 0x44, 0x07, 0x44, 0x07, 0x44, 0x07, 0x44, 0x07, 0x44, 0x07, 0x44,
    0x04, 0x04, 0x04, 0x04, 0x04, 0x04, 0x04, 0x04, 0x04, 0x04, 0x00, 0x00, 0x00, 0x00, 0x00, 0x00,
    0x00, 0x00, 0x00, 0x00, 0x00, 0x00, 0x00, 0x00, 0x00, 0x00, 0x00, 0x00, 0x00, 0x00, 0x00, 0x00,
    0x00, 0x00, 0x00, 0x00, 0x00, 0x00, 0x00, 0x00, 0x00, 0x5A, 0xA5, 0x03, 0x03, 0x00, 0x00, 0x00,
    0x0B, 0x00, 0x01, 0x00, 0x00, 0x00, 0x00, 0x55, 0x55, 0x01, 0x00, 0x00, 0x00, 0x00, 0x00, 0xFF,
    0xFF, 0x07, 0x44, 0x07, 0x44, 0x07, 0x44, 0x07, 0x44, 0x07, 0x44, 0x07, 0x44, 0x07, 0x44, 0x07,
    0x44, 0x07, 0x44, 0x07, 0x44, 0x07, 0x44, 0x07, 0x44, 0x07, 0x44, 0x07, 0x44, 0x07, 0x44, 0x07,
    0x44, 0x07, 0x44, 0x07, 0x44, 0x07, 0x44, 0x07, 0x44, 0x07, 0x44, 0x07, 0x44, 0x07, 0x44, 0x07,
    0x44, 0x07, 0x44, 0x07, 0x44, 0x07, 0x44, 0x07, 0x44, 0x07, 0x44, 0x04, 0x04, 0x04, 0x04, 0x04,
    0x04, 0x04, 0x04, 0x04, 0x04, 0x00, 0x00, 0x00, 0x00, 0x00, 0x00, 0x00, 0x00, 0x00, 0x00, 0x00,
    0x00, 0x00, 0x00, 0x00, 0x00, 0x00, 0x00, 0x00, 0x00, 0x00, 0x00, 0x00, 0x00, 0x00, 0x00, 0x00,
    0x00, 0x00, 0x00, 0x00, 0x5A, 0xA5, 0x00, 0x00, 0x44, 0x01, 0x00, 0x00, 0x06, 0x00, 0x00, 0x00,
    0x4C, 0x00, 0x00, 0x00, 0x00, 0x00, 0x00, 0x00, 0xDA, 0x3F, 0x06, 0x00, 0xA8, 0x66, 0xD3, 0x9B,
    0x2A, 0x00, 0x00, 0x00, 0x2A, 0x00, 0x00, 0x00, 0x1C, 0x00, 0x20, 0x05, 0xA3, 0x52, 0x0D, 0xA7,
    0xFF, 0xFF, 0x00, 0x00, 0x00, 0x00, 0x1B, 0x00, 0x00, 0x02, 0x00, 0x01, 0x00, 0x00, 0x02, 0x0E,
    0x00, 0x00, 0x00, 0x00, 0x21, 0x09, 0x05, 0x03, 0x01, 0x00, 0x06, 0x00, 0x05, 0x88, 0xB8, 0x00,
    0x00, 0x00, 0x00, 0x00, 0x4C, 0x00, 0x00, 0x00, 0x06, 0x00, 0x00, 0x00, 0x3C, 0x00, 0x00, 0x00,
    0x00, 0x00, 0x00, 0x00, 0xDA, 0x3F, 0x06, 0x00, 0x50, 0x6B, 0xD3, 0x9B, 0x1C, 0x00, 0x00, 0x00,
    0x1C, 0x00, 0x00, 0x00, 0x1C, 0x00, 0x20, 0x05, 0xA3, 0x52, 0x0D, 0xA7, 0xFF, 0xFF, 0x00, 0x00,
    0x00, 0x00, 0x08, 0x00, 0x01, 0x02, 0x00, 0x01, 0x00, 0x00, 0x02, 0x00, 0x00, 0x00, 0x00, 0x03,
    0x3C, 0x00, 0x00, 0x00, 0x06, 0x00, 0x00, 0x00, 0x44, 0x00, 0x00, 0x00, 0x00, 0x00, 0x00, 0x00,
    0xDA, 0x3F, 0x06, 0x00, 0xF3, 0xDF, 0xD3, 0x9B, 0x24, 0x00, 0x00, 0x00, 0x24, 0x00, 0x00, 0x00,
    0x1C, 0x00, 0x60, 0x06, 0x24, 0x57, 0x0D, 0xA7, 0xFF, 0xFF, 0x00, 0x00, 0x00, 0x00, 0x1B, 0x00,
    0x00, 0x02, 0x00, 0x01, 0x00, 0x80, 0x02, 0x08, 0x00, 0x00, 0x00, 0x00, 0xA1, 0x01, 0x06, 0x03,
    0x01, 0x00, 0x08, 0x04, 0x44, 0x00, 0x00, 0x00, 0x06, 0x00, 0x00, 0x00, 0x44, 0x04, 0x00, 0x00,
    0x00, 0x00, 0x00, 0x00, 0xDA, 0x3F, 0x06, 0x00, 0x62, 0x0F, 0xD4, 0x9B, 0x24, 0x04, 0x00, 0x00,
    0x24, 0x04, 0x00, 0x00, 0x1C, 0x00, 0x60, 0x06, 0x24, 0x57, 0x0D, 0xA7, 0xFF, 0xFF, 0x00, 0x00,
    0x00, 0x00, 0x08, 0x00, 0x01, 0x02, 0x00, 0x01, 0x00, 0x80, 0x02, 0x08, 0x04, 0x00, 0x00, 0x03,
    0x06, 0x88, 0x00, 0x00, 0x00, 0x00, 0x00, 0x00, 0xFF, 0x00, 0x00, 0xFF, 0xFF, 0x00, 0x00, 0xFF,
    0x00, 0x00, 0xFF, 0xFF, 0x00, 0x00, 0xFF, 0xFF, 0x00, 0xFF, 0xFF, 0xFF, 0xFF, 0xFF, 0xFF, 0xFF,
    0x00, 0x00, 0xFF, 0x00, 0xFF, 0x00, 0xFF, 0xFF, 0x00, 0xFF, 0x00, 0xFF, 0x00, 0xFF, 0xFF, 0xFF,
    0xFF, 0xFF, 0xFF, 0xFF, 0xFF, 0x00, 0x00, 0xFF, 0x00, 0xFF, 0x00, 0xFF, 0xFF, 0x00, 0xFF, 0x00,
    0xFF, 0x00, 0xFF, 0xFF, 0xFF, 0xFF, 0xFF, 0xFF, 0x00, 0x00, 0x00, 0x00, 0xFF, 0x00, 0xFF, 0x00,
    0xFF, 0xFF, 0x00, 0xFF, 0x00, 0xFF, 0x00, 0xFF, 0xFF, 0xFF, 0xFF, 0xFF, 0xFF, 0x00, 0x00, 0x00,
    0x00, 0xFF, 0x00, 0xFF, 0x00, 0xFF, 0xFF, 0x00, 0xFF, 0x00, 0xFF, 0x00, 0xFF, 0xFF, 0xFF, 0xFF,
    0xFF, 0xFF, 0xFF, 0xFF, 0x00, 0x00, 0xFF, 0x00, 0xFF, 0x00, 0xFF, 0xFF, 0x00, 0xFF, 0x00, 0xFF,
    0x00, 0xFF, 0xFF, 0xFF, 0xFF, 0xFF, 0xFF, 0xFF, 0xFF, 0x00, 0x00, 0xFF, 0x00, 0xFF, 0x00, 0xFF,
    0xFF, 0x00, 0xFF, 0x00, 0xFF, 0x00, 0xFF, 0xFF, 0xFF, 0xFF, 0xFF, 0xFF, 0x00, 0x00, 0x00, 0x00,
    0xFF, 0x00, 0xFF, 0x00, 0xFF, 0xFF, 0x00, 0xFF, 0x00, 0xFF, 0x00, 0xFF, 0xFF, 0xFF, 0xFF, 0xFF,
    0xFF, 0x00, 0x00, 0x00, 0x00, 0xFF, 0x00, 0xFF, 0x00, 0xFF, 0xFF, 0x00, 0xFF, 0x00, 0xFF, 0x00,
    0xFF, 0xFF, 0xFF, 0xFF, 0xFF, 0xFF, 0x00, 0x00, 0x00, 0x00, 0xFF, 0x00, 0xFF, 0x00, 0xFF, 0xFF,
    0x00, 0xFF, 0x00, 0xFF, 0x00, 0xFF, 0xFF, 0xFF, 0xFF, 0xFF, 0xFF, 0x00, 0x00, 0x00, 0x00, 0xFF,
    0x00, 0xFF, 0x00, 0xFF, 0xFF, 0x00, 0xFF, 0x00, 0xFF, 0x00, 0xFF, 0xFF, 0xFF, 0xFF, 0xFF, 0xFE,
    0x00, 0x00, 0x00, 0x00, 0xFF, 0x00, 0xFF, 0x00, 0xFF, 0xFF, 0x00, 0xFF, 0x00, 0xFF, 0x00, 0xFF,
    0xFF, 0xFF, 0xFF, 0xFF, 0xFF, 0x00, 0x00, 0x00, 0x00, 0xFF, 0x00, 0xFF, 0x00, 0xFF, 0xFF, 0x00,
    0xFF, 0x00, 0xFF, 0x00, 0xFF, 0xFF, 0xFF, 0xFF, 0xFF, 0xFF, 0x00, 0x00, 0x00, 0x00, 0xFF, 0x00,
    0xFF, 0x00, 0xFF, 0xFF, 0x00, 0xFF, 0x00, 0xFF, 0x00, 0xFF, 0xFF, 0xFF, 0xFF, 0xFF, 0xFF, 0x00,
    0x00, 0x00, 0x00, 0xFF, 0x00, 0xFF, 0x00, 0xFF, 0xFF, 0x00, 0xFF, 0x00, 0xFF, 0x00, 0xFF, 0xFF,
    0xFF, 0xFF, 0xFF, 0xFF, 0x00, 0x00, 0x00, 0x00, 0xFF, 0x00, 0xFF, 0x00, 0xFF, 0xFF, 0x00, 0xFF,
    0x00, 0xFF, 0x00, 0xFF, 0xFF, 0xFF, 0xFF, 0xFF, 0xFF, 0x00, 0x00, 0x00, 0x00, 0xFF, 0x00, 0xFF,
    0x00, 0xFF, 0xFF, 0x00, 0xFF, 0x00, 0xFF, 0x00, 0xFF, 0xFF, 0xFF, 0xFF, 0xFF, 0xFF, 0x00, 0x00,
    0x00, 0x00, 0xFF, 0x00, 0xFF, 0x00, 0xFF, 0xFF, 0x00, 0xFF, 0x00, 0xFF, 0x00, 0xFF, 0xFF, 0xFF,
    0xFF, 0xFF, 0x3F, 0x00, 0xFF, 0x00, 0x00, 0xFF, 0x00, 0xFF, 0x00, 0xFF, 0xFF, 0x00, 0xFF, 0x00,
    0xFF, 0x00, 0xFF, 0xFF, 0xFF, 0xFF, 0xFF, 0xFF, 0x00, 0x00, 0x00, 0x00, 0xFF, 0x00, 0xFF, 0x00,
    0xFF, 0xFF, 0x00, 0xFF, 0x00, 0xFF, 0x00, 0xFF, 0xFF, 0xFF, 0xFF, 0xFF, 0xFF, 0x00, 0x00, 0x00,
    0x00, 0xFF, 0x00, 0xFF, 0x00, 0xFF, 0xFF, 0x00, 0xFF, 0x00, 0xFF, 0x00, 0xFF, 0xFF, 0xFF, 0xFF,
    0xFF, 0xFF, 0x00, 0x00, 0x00, 0x00, 0xFF, 0x00, 0xFF, 0x00, 0xFF, 0xFF, 0x00, 0xFF, 0x00, 0xFF,
    0x00, 0xFF, 0xFF, 0xFF, 0xFF, 0xFF, 0xFF, 0x00, 0x00, 0x00, 0x00, 0xFF, 0x00, 0xFF, 0x00, 0xFF,
    0xFF, 0x00, 0xFF, 0x00, 0xFF, 0x00, 0xFF, 0xFF, 0xFF, 0xFF, 0xFF, 0xFF, 0x00, 0x00, 0xFF, 0xFF,
    0x00, 0x00, 0xFF, 0x00, 0x00, 0xFF, 0xFF, 0x00
},
/* effect 0x4 */
{
    0x06, 0x83, 0xB6, 0x00, 0x00, 0x00, 0x00, 0x00, 0x00, 0x00, 0x00, 0x00, 0x00, 0x00, 0x5A, 0xA5,
    0x03, 0x03, 0x00, 0x00, 0x00, 0x04, 0x20, 0x02, 0x00, 0x00, 0x00, 0x00, 0x55, 0x55, 0x01, 0x00,
    0x00, 0x00, 0x00, 0x00, 0xFF, 0xFF, 0x00, 0x31, 0x00, 0x34, 0x00, 0x34, 0x07, 0x34, 0x00, 0x34,
    0x00, 0x34, 0x07, 0x34, 0x07, 0x34, 0x07, 0x34, 0x07, 0x34, 0x00, 0x34, 0x07, 0x34, 0x07, 0x34,
    0x07, 0x34, 0x07, 0x34, 0x07, 0x34, 0x07, 0x34, 0x00, 0x34, 0x07, 0x34, 0x07, 0x34, 0x07, 0x34,
    0x07, 0x34, 0x07, 0x44, 0x07, 0x44, 0x07, 0x44, 0x07, 0x44, 0x07, 0x44, 0x07, 0x44, 0x07, 0x44,
    0x04, 0x04, 0x04, 0x04, 0x04, 0x04, 0x04, 0x04, 0x04, 0x04, 0x00, 0x00, 0x00, 0x00, 0x00, 0x00,
    0x00, 0x00, 0x00, 0x00, 0x00, 0x00, 0x00, 0x00, 0x00, 0x00, 0x00, 0x00, 0x00, 0x00, 0x00, 0x00,
    0x00, 0x00, 0x00, 0x00, 0x00, 0x00, 0x00, 0x00, 0x00, 0x5A, 0xA5, 0x03, 0x03, 0x00, 0x00, 0x00,
    0x0B, 0x00, 0x01, 0x00, 0x00, 0x00, 0x00, 0x55, 0x55, 0x01, 0x00, 0x00, 0x00, 0x00, 0x00, 0xFF,
    0xFF, 0x07, 0x44, 0x07, 0x44, 0x07, 0x44, 0x07, 0x44, 0x07, 0x44, 0x07, 0x44, 0x07, 0x44, 0x07,
    0x44, 0x07, 0x44, 0x07, 0x44, 0x07, 0x44, 0x07, 0x44, 0x07, 0x44, 0x07, 0x44, 0x07, 0x44, 0x07,
    0x44, 0x07, 0x44, 0x07, 0x44, 0x07, 0x44, 0x07, 0x44, 0x07, 0x44, 0x07, 0x44, 0x07, 0x44, 0x07,
    0x44, 0x07, 0x44, 0x07, 0x44, 0x07, 0x44, 0x07, 0x44, 0x07, 0x44, 0x04, 0x04, 0x04, 0x04, 0x04,
    0x04, 0x04, 0x04, 0x04, 0x04, 0x00, 0x00, 0x00, 0x00, 0x00, 0x00, 0x00, 0x00, 0x00, 0x00, 0x00,
    0x00, 0x00, 0x00, 0x00, 0x00, 0x00, 0x00, 0x00, 0x00, 0x00, 0x00, 0x00, 0x00, 0x00, 0x00, 0x00,
    0x00, 0x00, 0x00, 0x00, 0x5A, 0xA5, 0x00, 0x00, 0x44, 0x01, 0x00, 0x00, 0x06, 0x00, 0x00, 0x00,
    0x4C, 0x00, 0x00, 0x00, 0x00, 0x00, 0x00, 0x00, 0xDA, 0x3F, 0x06, 0x00, 0x74, 0xE6, 0x84, 0x9C,
    0x2A, 0x00, 0x00, 0x00, 0x2A, 0x00, 0x00, 0x00, 0x1C, 0x00, 0x10, 0x50, 0x3F, 0x5A, 0x0D, 0xA7,
    0xFF, 0xFF, 0x00, 0x00, 0x00, 0x00, 0x1B, 0x00, 0x00, 0x02, 0x00, 0x01, 0x00, 0x00, 0x02, 0x0E,
    0x00, 0x00, 0x00, 0x00, 0x21, 0x09, 0x05, 0x03, 0x01, 0x00, 0x06, 0x00, 0x05, 0x88, 0xB8, 0x00,
    0x00, 0x00, 0x00, 0x00, 0x4C, 0x00, 0x00, 0x00, 0x06, 0x00, 0x00, 0x00, 0x3C, 0x00, 0x00, 0x00,
    0x00, 0x00, 0x00, 0x00, 0xDA, 0x3F, 0x06, 0x00, 0xBE, 0xEC, 0x84, 0x9C, 0x1C, 0x00, 0x00, 0x00,
    0x1C, 0x00, 0x00, 0x00, 0x1C, 0x00, 0x10, 0x50, 0x3F, 0x5A, 0x0D, 0xA7, 0xFF, 0xFF, 0x00, 0x00,
    0x00, 0x00, 0x08, 0x00, 0x01, 0x02, 0x00, 0x01, 0x00, 0x00, 0x02, 0x00, 0x00, 0x00, 0x00, 0x03,
    0x3C, 0x00, 0x00, 0x00, 0x06, 0x00, 0x00, 0x00, 0x44, 0x00, 0x00, 0x00, 0x00, 0x00, 0x00, 0x00,
    0xDA, 0x3F, 0x06, 0x00, 0x9F, 0x5F, 0x85, 0x9C, 0x24, 0x00, 0x00, 0x00, 0x24, 0x00, 0x00, 0x00,
    0x1C, 0x00, 0x10, 0x10, 0xAF, 0x5D, 0x0D, 0xA7, 0xFF, 0xFF, 0x00, 0x00, 0x00, 0x00, 0x1B, 0x00,
    0x00, 0x02, 0x00, 0x01, 0x00, 0x80, 0x02, 0x08, 0x00, 0x00, 0x00, 0x00, 0xA1, 0x01, 0x06, 0x03,
    0x01, 0x00, 0x08, 0x04, 0x44, 0x00, 0x00, 0x00, 0x06, 0x00, 0x00, 0x00, 0x44, 0x04, 0x00, 0x00,
    0x00, 0x00, 0x00, 0x00, 0xDA, 0x3F, 0x06, 0x00, 0xE7, 0x8C, 0x85, 0x9C, 0x24, 0x04, 0x00, 0x00,
    0x24, 0x04, 0x00, 0x00, 0x1C, 0x00, 0x10, 0x10, 0xAF, 0x5D, 0x0D, 0xA7, 0xFF, 0xFF, 0x00, 0x00,
    0x00, 0x00, 0x08, 0x00, 0x01, 0x02, 0x00, 0x01, 0x00, 0x80, 0x02, 0x08, 0x04, 0x00, 0x00, 0x03,
    0x06, 0x88, 0x00, 0x00, 0x00, 0x00, 0x00, 0x00, 0xFF, 0x00, 0x00, 0xFF, 0xFF, 0x00, 0x00, 0xFF,
    0x00, 0x00, 0xFF, 0xFF, 0x00, 0x00, 0xFF, 0xFF, 0x00, 0xFF, 0xFF, 0xFF, 0xFF, 0xFF, 0xFF, 0xFF,
    0x00, 0x00, 0xFF, 0x00, 0xFF, 0x00, 0xFF, 0xFF, 0x00, 0xFF, 0x00, 0xFF, 0x00, 0xFF, 0xFF, 0xFF,
    0xFF, 0xFF, 0xFF, 0xFF, 0xFF, 0x00, 0x00, 0xFF, 0x00, 0xFF, 0x00, 0xFF, 0xFF, 0x00, 0xFF, 0x00,
    0xFF, 0x00, 0xFF, 0xFF, 0xFF, 0xFF, 0xFF, 0xFF, 0x00, 0x00, 0x00, 0x00, 0xFF, 0x00, 0xFF, 0x00,
    0xFF, 0xFF, 0x00, 0xFF, 0x00, 0xFF, 0x00, 0xFF, 0xFF, 0xFF, 0xFF, 0xFF, 0xFF, 0x00, 0x00, 0x00,
    0x00, 0xFF, 0x00, 0xFF, 0x00, 0xFF, 0xFF, 0x00, 0xFF, 0x00, 0xFF, 0x00, 0xFF, 0xFF, 0xFF, 0xFF,
    0xFF, 0xFF, 0xFF, 0xFF, 0x00, 0x00, 0xFF, 0x00, 0xFF, 0x00, 0xFF, 0xFF, 0x00, 0xFF, 0x00, 0xFF,
    0x00, 0xFF, 0xFF, 0xFF, 0xFF, 0xFF, 0xFF, 0xFF, 0xFF, 0x00, 0x00, 0xFF, 0x00, 0xFF, 0x00, 0xFF,
    0xFF, 0x00, 0xFF, 0x00, 0xFF, 0x00, 0xFF, 0xFF, 0xFF, 0xFF, 0xFF, 0xFF, 0x00, 0x00, 0x00, 0x00,
    0xFF, 0x00, 0xFF, 0x00, 0xFF, 0xFF, 0x00, 0xFF, 0x00, 0xFF, 0x00, 0xFF, 0xFF, 0xFF, 0xFF, 0xFF,
    0xFF, 0x00, 0x00, 0x00, 0x00, 0xFF, 0x00, 0xFF, 0x00, 0xFF, 0xFF, 0x00, 0xFF, 0x00, 0xFF, 0x00,
    0xFF, 0xFF, 0xFF, 0xFF, 0xFF, 0xFF, 0x00, 0x00, 0x00, 0x00, 0xFF, 0x00, 0xFF, 0x00, 0xFF, 0xFF,
    0x00, 0xFF, 0x00, 0xFF, 0x00, 0xFF, 0xFF, 0xFF, 0xFF, 0xFF, 0xFF, 0x00, 0x00, 0x00, 0x00, 0xFF,
    0x00, 0xFF, 0x00, 0xFF, 0xFF, 0x00, 0xFF, 0x00, 0xFF, 0x00, 0xFF, 0xFF, 0xFF, 0xFF, 0xFF, 0xFE,
    0x00, 0x00, 0x00, 0x00, 0xFF, 0x00, 0xFF, 0x00, 0xFF, 0xFF, 0x00, 0xFF, 0x00, 0xFF, 0x00, 0xFF,
    0xFF, 0xFF, 0xFF, 0xFF, 0xFF, 0x00, 0x00, 0x00, 0x00, 0xFF, 0x00, 0xFF, 0x00, 0xFF, 0xFF, 0x00,
    0xFF, 0x00, 0xFF, 0x00, 0xFF, 0xFF, 0xFF, 0xFF, 0xFF, 0xFF, 0x00, 0x00, 0x00, 0x00, 0xFF, 0x00,
    0xFF, 0x00, 0xFF, 0xFF, 0x00, 0xFF, 0x00, 0xFF, 0x00, 0xFF, 0xFF, 0xFF, 0xFF, 0xFF, 0xFF, 0x00,
    0x00, 0x00, 0x00, 0xFF, 0x00, 0xFF, 0x00, 0xFF, 0xFF, 0x00, 0xFF, 0x00, 0xFF, 0x00, 0xFF, 0xFF,
    0xFF, 0xFF, 0xFF, 0xFF, 0x00, 0x00, 0x00, 0x00, 0xFF, 0x00, 0xFF, 0x00, 0xFF, 0xFF, 0x00, 0xFF,
    0x00, 0xFF, 0x00, 0xFF, 0xFF, 0xFF, 0xFF, 0xFF, 0xFF, 0x00, 0x00, 0x00, 0x00, 0xFF, 0x00, 0xFF,
    0x00, 0xFF, 0xFF, 0x00, 0xFF, 0x00, 0xFF, 0x00, 0xFF, 0xFF, 0xFF, 0xFF, 0xFF, 0xFF, 0x00, 0x00,
    0x00, 0x00, 0xFF, 0x00, 0xFF, 0x00, 0xFF, 0xFF, 0x00, 0xFF, 0x00, 0xFF, 0x00, 0xFF, 0xFF, 0xFF,
    0xFF, 0xFF, 0x3F, 0x00, 0xFF, 0x00, 0x00, 0xFF, 0x00, 0xFF, 0x00, 0xFF, 0xFF, 0x00, 0xFF, 0x00,
    0xFF, 0x00, 0xFF, 0xFF, 0xFF, 0xFF, 0xFF, 0xFF, 0x00, 0x00, 0x00, 0x00, 0xFF, 0x00, 0xFF, 0x00,
    0xFF, 0xFF, 0x00, 0xFF, 0x00, 0xFF, 0x00, 0xFF, 0xFF, 0xFF, 0xFF, 0xFF, 0xFF, 0x00, 0x00, 0x00,
    0x00, 0xFF, 0x00, 0xFF, 0x00, 0xFF, 0xFF, 0x00, 0xFF, 0x00, 0xFF, 0x00, 0xFF, 0xFF, 0xFF, 0xFF,
    0xFF, 0xFF, 0x00, 0x00, 0x00, 0x00, 0xFF, 0x00, 0xFF, 0x00, 0xFF, 0xFF, 0x00, 0xFF, 0x00, 0xFF,
    0x00, 0xFF, 0xFF, 0xFF, 0xFF, 0xFF, 0xFF, 0x00, 0x00, 0x00, 0x00, 0xFF, 0x00, 0xFF, 0x00, 0xFF,
    0xFF, 0x00, 0xFF, 0x00, 0xFF, 0x00, 0xFF, 0xFF, 0xFF, 0xFF, 0xFF, 0xFF, 0x00, 0x00, 0xFF, 0xFF,
    0x00, 0x00, 0xFF, 0x00, 0x00, 0xFF, 0xFF, 0x00
},
/* effect 0x5 */
{
    0x06, 0x83, 0xB6, 0x00, 0x00, 0x00, 0x00, 0x00, 0x00, 0x00, 0x00, 0x00, 0x00, 0x00, 0x5A, 0xA5,
    0x03, 0x03, 0x00, 0x00, 0x00, 0x05, 0x20, 0x02, 0x00, 0x00, 0x00, 0x00, 0x55, 0x55, 0x01, 0x00,
    0x00, 0x00, 0x00, 0x00, 0xFF, 0xFF, 0x00, 0x31, 0x00, 0x34, 0x00, 0x34, 0x07, 0x34, 0x00, 0x34,
    0x00, 0x34, 0x07, 0x34, 0x07, 0x34, 0x07, 0x34, 0x07, 0x34, 0x00, 0x34, 0x07, 0x34, 0x07, 0x34,
    0x07, 0x34, 0x07, 0x34, 0x07, 0x34, 0x07, 0x34, 0x00, 0x34, 0x07, 0x34, 0x07, 0x34, 0x07, 0x34,
    0x07, 0x34, 0x07, 0x44, 0x07, 0x44, 0x07, 0x44, 0x07, 0x44, 0x07, 0x44, 0x07, 0x44, 0x07, 0x44,
    0x04, 0x04, 0x04, 0x04, 0x04, 0x04, 0x04, 0x04, 0x04, 0x04, 0x00, 0x00, 0x00, 0x00, 0x00, 0x00,
    0x00, 0x00, 0x00, 0x00, 0x00, 0x00, 0x00, 0x00, 0x00, 0x00, 0x00, 0x00, 0x00, 0x00, 0x00, 0x00,
    0x00, 0x00, 0x00, 0x00, 0x00, 0x00, 0x00, 0x00, 0x00, 0x5A, 0xA5, 0x03, 0x03, 0x00, 0x00, 0x00,
    0x0B, 0x00, 0x01, 0x00, 0x00, 0x00, 0x00, 0x55, 0x55, 0x01, 0x00, 0x00, 0x00, 0x00, 0x00, 0xFF,
    0xFF, 0x07, 0x44, 0x07, 0x44, 0x07, 0x44, 0x07, 0x44, 0x07, 0x44, 0x07, 0x44, 0x07, 0x44, 0x07,
    0x44, 0x07, 0x44, 0x07, 0x44, 0x07, 0x44, 0x07, 0x44, 0x07, 0x44, 0x07, 0x44, 0x07, 0x44, 0x07,
    0x44, 0x07, 0x44, 0x07, 0x44, 0x07, 0x44, 0x07, 0x44, 0x07, 0x44, 0x07, 0x44, 0x07, 0x44, 0x07,
    0x44, 0x07, 0x44, 0x07, 0x44, 0x07, 0x44, 0x07, 0x44, 0x07, 0x44, 0x04, 0x04, 0x04, 0x04, 0x04,
    0x04, 0x04, 0x04, 0x04, 0x04, 0x00, 0x00, 0x00, 0x00, 0x00, 0x00, 0x00, 0x00, 0x00, 0x00, 0x00,
    0x00, 0x00, 0x00, 0x00, 0x00, 0x00, 0x00, 0x00, 0x00, 0x00, 0x00, 0x00, 0x00, 0x00, 0x00, 0x00,
    0x00, 0x00, 0x00, 0x00, 0x5A, 0xA5, 0x00, 0x00, 0x44, 0x01, 0x00, 0x00, 0x06, 0x00, 0x00, 0x00,
    0x4C, 0x00, 0x00, 0x00, 0x00, 0x00, 0x00, 0x00, 0xDA, 0x3F, 0x06, 0x00, 0xF6, 0x27, 0x79, 0x9D,
    0x2A, 0x00, 0x00, 0x00, 0x2A, 0x00, 0x00, 0x00, 0x1C, 0x00, 0x10, 0x10, 0xAF, 0x5D, 0x0D, 0xA7,
    0xFF, 0xFF, 0x00, 0x00, 0x00, 0x00, 0x1B, 0x00, 0x00, 0x02, 0x00, 0x01, 0x00, 0x00, 0x02, 0x0E,
    0x00, 0x00, 0x00, 0x00, 0x21, 0x09, 0x05, 0x03, 0x01, 0x00, 0x06, 0x00, 0x05, 0x88, 0xB8, 0x00,
    0x00, 0x00, 0x00, 0x00, 0x4C, 0x00, 0x00, 0x00, 0x06, 0x00, 0x00, 0x00, 0x3C, 0x00, 0x00, 0x00,
    0x00, 0x00, 0x00, 0x00, 0xDA, 0x3F, 0x06, 0x00, 0x05, 0x30, 0x79, 0x9D, 0x1C, 0x00, 0x00, 0x00,
    0x1C, 0x00, 0x00, 0x00, 0x1C, 0x00, 0x10, 0x10, 0xAF, 0x5D, 0x0D, 0xA7, 0xFF, 0xFF, 0x00, 0x00,
    0x00, 0x00, 0x08, 0x00, 0x01, 0x02, 0x00, 0x01, 0x00, 0x00, 0x02, 0x00, 0x00, 0x00, 0x00, 0x03,
    0x3C, 0x00, 0x00, 0x00, 0x06, 0x00, 0x00, 0x00, 0x44, 0x00, 0x00, 0x00, 0x00, 0x00, 0x00, 0x00,
    0xDA, 0x3F, 0x06, 0x00, 0x15, 0xA5, 0x79, 0x9D, 0x24, 0x00, 0x00, 0x00, 0x24, 0x00, 0x00, 0x00,
    0x1C, 0x00, 0x10, 0x50, 0x3F, 0x5A, 0x0D, 0xA7, 0xFF, 0xFF, 0x00, 0x00, 0x00, 0x00, 0x1B, 0x00,
    0x00, 0x02, 0x00, 0x01, 0x00, 0x80, 0x02, 0x08, 0x00, 0x00, 0x00, 0x00, 0xA1, 0x01, 0x06, 0x03,
    0x01, 0x00, 0x08, 0x04, 0x44, 0x00, 0x00, 0x00, 0x06, 0x00, 0x00, 0x00, 0x44, 0x04, 0x00, 0x00,
    0x00, 0x00, 0x00, 0x00, 0xDA, 0x3F, 0x06, 0x00, 0x17, 0xD4, 0x79, 0x9D, 0x24, 0x04, 0x00, 0x00,
    0x24, 0x04, 0x00, 0x00, 0x1C, 0x00, 0x10, 0x50, 0x3F, 0x5A, 0x0D, 0xA7, 0xFF, 0xFF, 0x00, 0x00,
    0x00, 0x00, 0x08, 0x00, 0x01, 0x02, 0x00, 0x01, 0x00, 0x80, 0x02, 0x08, 0x04, 0x00, 0x00, 0x03,
    0x06, 0x88, 0x00, 0x00, 0x00, 0x00, 0x00, 0x00, 0xFF, 0x00, 0x00, 0xFF, 0xFF, 0x00, 0x00, 0xFF,
    0x00, 0x00, 0xFF, 0xFF, 0x00, 0x00, 0xFF, 0xFF, 0x00, 0xFF, 0xFF, 0xFF, 0xFF, 0xFF, 0xFF, 0xFF,
    0x00, 0x00, 0xFF, 0x00, 0xFF, 0x00, 0xFF, 0xFF, 0x00, 0xFF, 0x00, 0xFF, 0x00, 0xFF, 0xFF, 0xFF,
    0xFF, 0xFF, 0xFF, 0xFF, 0xFF, 0x00, 0x00, 0xFF, 0x00, 0xFF, 0x00, 0xFF, 0xFF, 0x00, 0xFF, 0x00,
    0xFF, 0x00, 0xFF, 0xFF, 0xFF, 0xFF, 0xFF, 0xFF, 0x00, 0x00, 0x00, 0x00, 0xFF, 0x00, 0xFF, 0x00,
    0xFF, 0xFF, 0x00, 0xFF, 0x00, 0xFF, 0x00, 0xFF, 0xFF, 0xFF, 0xFF, 0xFF, 0xFF, 0x00, 0x00, 0x00,
    0x00, 0xFF, 0x00, 0xFF, 0x00, 0xFF, 0xFF, 0x00, 0xFF, 0x00, 0xFF, 0x00, 0xFF, 0xFF, 0xFF, 0xFF,
    0xFF, 0xFF, 0xFF, 0xFF, 0x00, 0x00, 0xFF, 0x00, 0xFF, 0x00, 0xFF, 0xFF, 0x00, 0xFF, 0x00, 0xFF,
    0x00, 0xFF, 0xFF, 0xFF, 0xFF, 0xFF, 0xFF, 0xFF, 0xFF, 0x00, 0x00, 0xFF, 0x00, 0xFF, 0x00, 0xFF,
    0xFF, 0x00, 0xFF, 0x00, 0xFF, 0x00, 0xFF, 0xFF, 0xFF, 0xFF, 0xFF, 0xFF, 0x00, 0x00, 0x00, 0x00,
    0xFF, 0x00, 0xFF, 0x00, 0xFF, 0xFF, 0x00, 0xFF, 0x00, 0xFF, 0x00, 0xFF, 0xFF, 0xFF, 0xFF, 0xFF,
    0xFF, 0x00, 0x00, 0x00, 0x00, 0xFF, 0x00, 0xFF, 0x00, 0xFF, 0xFF, 0x00, 0xFF, 0x00, 0xFF, 0x00,
    0xFF, 0xFF, 0xFF, 0xFF, 0xFF, 0xFF, 0x00, 0x00, 0x00, 0x00, 0xFF, 0x00, 0xFF, 0x00, 0xFF, 0xFF,
    0x00, 0xFF, 0x00, 0xFF, 0x00, 0xFF, 0xFF, 0xFF, 0xFF, 0xFF, 0xFF, 0x00, 0x00, 0x00, 0x00, 0xFF,
    0x00, 0xFF, 0x00, 0xFF, 0xFF, 0x00, 0xFF, 0x00, 0xFF, 0x00, 0xFF, 0xFF, 0xFF, 0xFF, 0xFF, 0xFE,
    0x00, 0x00, 0x00, 0x00, 0xFF, 0x00, 0xFF, 0x00, 0xFF, 0xFF, 0x00, 0xFF, 0x00, 0xFF, 0x00, 0xFF,
    0xFF, 0xFF, 0xFF, 0xFF, 0xFF, 0x00, 0x00, 0x00, 0x00, 0xFF, 0x00, 0xFF, 0x00, 0xFF, 0xFF, 0x00,
    0xFF, 0x00, 0xFF, 0x00, 0xFF, 0xFF, 0xFF, 0xFF, 0xFF, 0xFF, 0x00, 0x00, 0x00, 0x00, 0xFF, 0x00,
    0xFF, 0x00, 0xFF, 0xFF, 0x00, 0xFF, 0x00, 0xFF, 0x00, 0xFF, 0xFF, 0xFF, 0xFF, 0xFF, 0xFF, 0x00,
    0x00, 0x00, 0x00, 0xFF, 0x00, 0xFF, 0x00, 0xFF, 0xFF, 0x00, 0xFF, 0x00, 0xFF, 0x00, 0xFF, 0xFF,
    0xFF, 0xFF, 0xFF, 0xFF, 0x00, 0x00, 0x00, 0x00, 0xFF, 0x00, 0xFF, 0x00, 0xFF, 0xFF, 0x00, 0xFF,
    0x00, 0xFF, 0x00, 0xFF, 0xFF, 0xFF, 0xFF, 0xFF, 0xFF, 0x00, 0x00, 0x00, 0x00, 0xFF, 0x00, 0xFF,
    0x00, 0xFF, 0xFF, 0x00, 0xFF, 0x00, 0xFF, 0x00, 0xFF, 0xFF, 0xFF, 0xFF, 0xFF, 0xFF, 0x00, 0x00,
    0x00, 0x00, 0xFF, 0x00, 0xFF, 0x00, 0xFF, 0xFF, 0x00, 0xFF, 0x00, 0xFF, 0x00, 0xFF, 0xFF, 0xFF,
    0xFF, 0xFF, 0x3F, 0x00, 0xFF, 0x00, 0x00, 0xFF, 0x00, 0xFF, 0x00, 0xFF, 0xFF, 0x00, 0xFF, 0x00,
    0xFF, 0x00, 0xFF, 0xFF, 0xFF, 0xFF, 0xFF, 0xFF, 0x00, 0x00, 0x00, 0x00, 0xFF, 0x00, 0xFF, 0x00,
    0xFF, 0xFF, 0x00, 0xFF, 0x00, 0xFF, 0x00, 0xFF, 0xFF, 0xFF, 0xFF, 0xFF, 0xFF, 0x00, 0x00, 0x00,
    0x00, 0xFF, 0x00, 0xFF, 0x00, 0xFF, 0xFF, 0x00, 0xFF, 0x00, 0xFF, 0x00, 0xFF, 0xFF, 0xFF, 0xFF,
    0xFF, 0xFF, 0x00, 0x00, 0x00, 0x00, 0xFF, 0x00, 0xFF, 0x00, 0xFF, 0xFF, 0x00, 0xFF, 0x00, 0xFF,
    0x00, 0xFF, 0xFF, 0xFF, 0xFF, 0xFF, 0xFF, 0x00, 0x00, 0x00, 0x00, 0xFF, 0x00, 0xFF, 0x00, 0xFF,
    0xFF, 0x00, 0xFF, 0x00, 0xFF, 0x00, 0xFF, 0xFF, 0xFF, 0xFF, 0xFF, 0xFF, 0x00, 0x00, 0xFF, 0xFF,
    0x00, 0x00, 0xFF, 0x00, 0x00, 0xFF, 0xFF, 0x00
},
/* effect 0x6 */
{
    0x06, 0x83, 0xB6, 0x00, 0x00, 0x00, 0x00, 0x00, 0x00, 0x00, 0x00, 0x00, 0x00, 0x00, 0x5A, 0xA5,
    0x03, 0x03, 0x00, 0x00, 0x00, 0x06, 0x20, 0x02, 0x00, 0x00, 0x00, 0x00, 0x55, 0x55, 0x01, 0x00,
    0x00, 0x00, 0x00, 0x00, 0xFF, 0xFF, 0x00, 0x31, 0x00, 0x34, 0x00, 0x34, 0x07, 0x34, 0x00, 0x34,
    0x00, 0x34, 0x07, 0x34, 0x07, 0x34, 0x07, 0x34, 0x07, 0x34, 0x00, 0x34, 0x07, 0x34, 0x07, 0x34,
    0x07, 0x34, 0x07, 0x34, 0x07, 0x34, 0x07, 0x34, 0x00, 0x34, 0x07, 0x34, 0x07, 0x34, 0x07, 0x34,
    0x07, 0x34, 0x07, 0x44, 0x07, 0x44, 0x07, 0x44, 0x07, 0x44, 0x07, 0x44, 0x07, 0x44, 0x07, 0x44,
    0x04, 0x04, 0x04, 0x04, 0x04, 0x04, 0x04, 0x04, 0x04, 0x04, 0x00, 0x00, 0x00, 0x00, 0x00, 0x00,
    0x00, 0x00, 0x00, 0x00, 0x00, 0x00, 0x00, 0x00, 0x00, 0x00, 0x00, 0x00, 0x00, 0x00, 0x00, 0x00,
    0x00, 0x00, 0x00, 0x00, 0x00, 0x00, 0x00, 0x00, 0x00, 0x5A, 0xA5, 0x03, 0x03, 0x00, 0x00, 0x00,
    0x0B, 0x00, 0x01, 0x00, 0x00, 0x00, 0x00, 0x55, 0x55, 0x01, 0x00, 0x00, 0x00, 0x00, 0x00, 0xFF,
    0xFF, 0x07, 0x44, 0x07, 0x44, 0x07, 0x44, 0x07, 0x44, 0x07, 0x44, 0x07, 0x44, 0x07, 0x44, 0x07,
    0x44, 0x07, 0x44, 0x07, 0x44, 0x07, 0x44, 0x07, 0x44, 0x07, 0x44, 0x07, 0x44, 0x07, 0x44, 0x07,
    0x44, 0x07, 0x44, 0x07, 0x44, 0x07, 0x44, 0x07, 0x44, 0x07, 0x44, 0x07, 0x44, 0x07, 0x44, 0x07,
    0x44, 0x07, 0x44, 0x07, 0x44, 0x07, 0x44, 0x07, 0x44, 0x07, 0x44, 0x04, 0x04, 0x04, 0x04, 0x04,
    0x04, 0x04, 0x04, 0x04, 0x04, 0x00, 0x00, 0x00, 0x00, 0x00, 0x00, 0x00, 0x00, 0x00, 0x00, 0x00,
    0x00, 0x00, 0x00, 0x00, 0x00, 0x00, 0x00, 0x00, 0x00, 0x00, 0x00, 0x00, 0x00, 0x00, 0x00, 0x00,
    0x00, 0x00, 0x00, 0x00, 0x5A, 0xA5, 0x00, 0x00, 0x44, 0x01, 0x00, 0x00, 0x06, 0x00, 0x00, 0x00,
    0x4C, 0x00, 0x00, 0x00, 0x00, 0x00, 0x00, 0x00, 0xDA, 0x3F, 0x06, 0x00, 0x57, 0x3A, 0xAA, 0x9E,
    0x2A, 0x00, 0x00, 0x00, 0x2A, 0x00, 0x00, 0x00, 0x1C, 0x00, 0xA0, 0x55, 0xBE, 0x5D, 0x0D, 0xA7,
    0xFF, 0xFF, 0x00, 0x00, 0x00, 0x00, 0x1B, 0x00, 0x00, 0x02, 0x00, 0x01, 0x00, 0x00, 0x02, 0x0E,
    0x00, 0x00, 0x00, 0x00, 0x21, 0x09, 0x05, 0x03, 0x01, 0x00, 0x06, 0x00, 0x05, 0x88, 0xB8, 0x00,
    0x00, 0x00, 0x00, 0x00, 0x4C, 0x00, 0x00, 0x00, 0x06, 0x00, 0x00, 0x00, 0x3C, 0x00, 0x00, 0x00,
    0x00, 0x00, 0x00, 0x00, 0xDA, 0x3F, 0x06, 0x00, 0xB7, 0x41, 0xAA, 0x9E, 0x1C, 0x00, 0x00, 0x00,
    0x1C, 0x00, 0x00, 0x00, 0x1C, 0x00, 0xA0, 0x55, 0xBE, 0x5D, 0x0D, 0xA7, 0xFF, 0xFF, 0x00, 0x00,
    0x00, 0x00, 0x08, 0x00, 0x01, 0x02, 0x00, 0x01, 0x00, 0x00, 0x02, 0x00, 0x00, 0x00, 0x00, 0x03,
    0x3C, 0x00, 0x00, 0x00, 0x06, 0x00, 0x00, 0x00, 0x44, 0x00, 0x00, 0x00, 0x00, 0x00, 0x00, 0x00,
    0xDA, 0x3F, 0x06, 0x00, 0x76, 0xB7, 0xAA, 0x9E, 0x24, 0x00, 0x00, 0x00, 0x24, 0x00, 0x00, 0x00,
    0x1C, 0x00, 0x10, 0x10, 0xAF, 0x5D, 0x0D, 0xA7, 0xFF, 0xFF, 0x00, 0x00, 0x00, 0x00, 0x1B, 0x00,
    0x00, 0x02, 0x00, 0x01, 0x00, 0x80, 0x02, 0x08, 0x00, 0x00, 0x00, 0x00, 0xA1, 0x01, 0x06, 0x03,
    0x01, 0x00, 0x08, 0x04, 0x44, 0x00, 0x00, 0x00, 0x06, 0x00, 0x00, 0x00, 0x44, 0x04, 0x00, 0x00,
    0x00, 0x00, 0x00, 0x00, 0xDA, 0x3F, 0x06, 0x00, 0xC9, 0xE5, 0xAA, 0x9E, 0x24, 0x04, 0x00, 0x00,
    0x24, 0x04, 0x00, 0x00, 0x1C, 0x00, 0x10, 0x10, 0xAF, 0x5D, 0x0D, 0xA7, 0xFF, 0xFF, 0x00, 0x00,
    0x00, 0x00, 0x08, 0x00, 0x01, 0x02, 0x00, 0x01, 0x00, 0x80, 0x02, 0x08, 0x04, 0x00, 0x00, 0x03,
    0x06, 0x88, 0x00, 0x00, 0x00, 0x00, 0x00, 0x00, 0xFF, 0x00, 0x00, 0xFF, 0xFF, 0x00, 0x00, 0xFF,
    0x00, 0x00, 0xFF, 0xFF, 0x00, 0x00, 0xFF, 0xFF, 0x00, 0xFF, 0xFF, 0xFF, 0xFF, 0xFF, 0xFF, 0xFF,
    0x00, 0x00, 0xFF, 0x00, 0xFF, 0x00, 0xFF, 0xFF, 0x00, 0xFF, 0x00, 0xFF, 0x00, 0xFF, 0xFF, 0xFF,
    0xFF, 0xFF, 0xFF, 0xFF, 0xFF, 0x00, 0x00, 0xFF, 0x00, 0xFF, 0x00, 0xFF, 0xFF, 0x00, 0xFF, 0x00,
    0xFF, 0x00, 0xFF, 0xFF, 0xFF, 0xFF, 0xFF, 0xFF, 0x00, 0x00, 0x00, 0x00, 0xFF, 0x00, 0xFF, 0x00,
    0xFF, 0xFF, 0x00, 0xFF, 0x00, 0xFF, 0x00, 0xFF, 0xFF, 0xFF, 0xFF, 0xFF, 0xFF, 0x00, 0x00, 0x00,
    0x00, 0xFF, 0x00, 0xFF, 0x00, 0xFF, 0xFF, 0x00, 0xFF, 0x00, 0xFF, 0x00, 0xFF, 0xFF, 0xFF, 0xFF,
    0xFF, 0xFF, 0xFF, 0xFF, 0x00, 0x00, 0xFF, 0x00, 0xFF, 0x00, 0xFF, 0xFF, 0x00, 0xFF, 0x00, 0xFF,
    0x00, 0xFF, 0xFF, 0xFF, 0xFF, 0xFF, 0xFF, 0xFF, 0xFF, 0x00, 0x00, 0xFF, 0x00, 0xFF, 0x00, 0xFF,
    0xFF, 0x00, 0xFF, 0x00, 0xFF, 0x00, 0xFF, 0xFF, 0xFF, 0xFF, 0xFF, 0xFF, 0x00, 0x00, 0x00, 0x00,
    0xFF, 0x00, 0xFF, 0x00, 0xFF, 0xFF, 0x00, 0xFF, 0x00, 0xFF, 0x00, 0xFF, 0xFF, 0xFF, 0xFF, 0xFF,
    0xFF, 0x00, 0x00, 0x00, 0x00, 0xFF, 0x00, 0xFF, 0x00, 0xFF, 0xFF, 0x00, 0xFF, 0x00, 0xFF, 0x00,
    0xFF, 0xFF, 0xFF, 0xFF, 0xFF, 0xFF, 0x00, 0x00, 0x00, 0x00, 0xFF, 0x00, 0xFF, 0x00, 0xFF, 0xFF,
    0x00, 0xFF, 0x00, 0xFF, 0x00, 0xFF, 0xFF, 0xFF, 0xFF, 0xFF, 0xFF, 0x00, 0x00, 0x00, 0x00, 0xFF,
    0x00, 0xFF, 0x00, 0xFF, 0xFF, 0x00, 0xFF, 0x00, 0xFF, 0x00, 0xFF, 0xFF, 0xFF, 0xFF, 0xFF, 0xFE,
    0x00, 0x00, 0x00, 0x00, 0xFF, 0x00, 0xFF, 0x00, 0xFF, 0xFF, 0x00, 0xFF, 0x00, 0xFF, 0x00, 0xFF,
    0xFF, 0xFF, 0xFF, 0xFF, 0xFF, 0x00, 0x00, 0x00, 0x00, 0xFF, 0x00, 0xFF, 0x00, 0xFF, 0xFF, 0x00,
    0xFF, 0x00, 0xFF, 0x00, 0xFF, 0xFF, 0xFF, 0xFF, 0xFF, 0xFF, 0x00, 0x00, 0x00, 0x00, 0xFF, 0x00,
    0xFF, 0x00, 0xFF, 0xFF, 0x00, 0xFF, 0x00, 0xFF, 0x00, 0xFF, 0xFF, 0xFF, 0xFF, 0xFF, 0xFF, 0x00,
    0x00, 0x00, 0x00, 0xFF, 0x00, 0xFF, 0x00, 0xFF, 0xFF, 0x00, 0xFF, 0x00, 0xFF, 0x00, 0xFF, 0xFF,
    0xFF, 0xFF, 0xFF, 0xFF, 0x00, 0x00, 0x00, 0x00, 0xFF, 0x00, 0xFF, 0x00, 0xFF, 0xFF, 0x00, 0xFF,
    0x00, 0xFF, 0x00, 0xFF, 0xFF, 0xFF, 0xFF, 0xFF, 0xFF, 0x00, 0x00, 0x00, 0x00, 0xFF, 0x00, 0xFF,
    0x00, 0xFF, 0xFF, 0x00, 0xFF, 0x00, 0xFF, 0x00, 0xFF, 0xFF, 0xFF, 0xFF, 0xFF, 0xFF, 0x00, 0x00,
    0x00, 0x00, 0xFF, 0x00, 0xFF, 0x00, 0xFF, 0xFF, 0x00, 0xFF, 0x00, 0xFF, 0x00, 0xFF, 0xFF, 0xFF,
    0xFF, 0xFF, 0x3F, 0x00, 0xFF, 0x00, 0x00, 0xFF, 0x00, 0xFF, 0x00, 0xFF, 0xFF, 0x00, 0xFF, 0x00,
    0xFF, 0x00, 0xFF, 0xFF, 0xFF, 0xFF, 0xFF, 0xFF, 0x00, 0x00, 0x00, 0x00, 0xFF, 0x00, 0xFF, 0x00,
    0xFF, 0xFF, 0x00, 0xFF, 0x00, 0xFF, 0x00, 0xFF, 0xFF, 0xFF, 0xFF, 0xFF, 0xFF, 0x00, 0x00, 0x00,
    0x00, 0xFF, 0x00, 0xFF, 0x00, 0xFF, 0xFF, 0x00, 0xFF, 0x00, 0xFF, 0x00, 0xFF, 0xFF, 0xFF, 0xFF,
    0xFF, 0xFF, 0x00, 0x00, 0x00, 0x00, 0xFF, 0x00, 0xFF, 0x00, 0xFF, 0xFF, 0x00, 0xFF, 0x00, 0xFF,
    0x00, 0xFF, 0xFF, 0xFF, 0xFF, 0xFF, 0xFF, 0x00, 0x00, 0x00, 0x00, 0xFF, 0x00, 0xFF, 0x00, 0xFF,
    0xFF, 0x00, 0xFF, 0x00, 0xFF, 0x00, 0xFF, 0xFF, 0xFF, 0xFF, 0xFF, 0xFF, 0x00, 0x00, 0xFF, 0xFF,
    0x00, 0x00, 0xFF, 0x00, 0x00, 0xFF, 0xFF, 0x00
},
/* effect 0x7 */
{
    0x06, 0x83, 0xB6, 0x00, 0x00, 0x00, 0x00, 0x00, 0x00, 0x00, 0x00, 0x00, 0x00, 0x00, 0x5A, 0xA5,
    0x03, 0x03, 0x00, 0x00, 0x00, 0x07, 0x20, 0x02, 0x00, 0x00, 0x00, 0x00, 0x55, 0x55, 0x01, 0x00,
    0x00, 0x00, 0x00, 0x00, 0xFF, 0xFF, 0x00, 0x31, 0x00, 0x34, 0x00, 0x34, 0x07, 0x34, 0x00, 0x34,
    0x00, 0x34, 0x07, 0x34, 0x07, 0x34, 0x07, 0x34, 0x07, 0x34, 0x00, 0x34, 0x07, 0x34, 0x07, 0x34,
    0x07, 0x34, 0x07, 0x34, 0x07, 0x34, 0x07, 0x34, 0x00, 0x34, 0x07, 0x34, 0x07, 0x34, 0x07, 0x34,
    0x07, 0x34, 0x07, 0x44, 0x07, 0x44, 0x07, 0x44, 0x07, 0x44, 0x07, 0x44, 0x07, 0x44, 0x07, 0x44,
    0x04, 0x04, 0x04, 0x04, 0x04, 0x04, 0x04, 0x04, 0x04, 0x04, 0x00, 0x00, 0x00, 0x00, 0x00, 0x00,
    0x00, 0x00, 0x00, 0x00, 0x00, 0x00, 0x00, 0x00, 0x00, 0x00, 0x00, 0x00, 0x00, 0x00, 0x00, 0x00,
    0x00, 0x00, 0x00, 0x00, 0x00, 0x00, 0x00, 0x00, 0x00, 0x5A, 0xA5, 0x03, 0x03, 0x00, 0x00, 0x00,
    0x0B, 0x00, 0x01, 0x00, 0x00, 0x00, 0x00, 0x55, 0x55, 0x01, 0x00, 0x00, 0x00, 0x00, 0x00, 0xFF,
    0xFF, 0x07, 0x44, 0x07, 0x44, 0x07, 0x44, 0x07, 0x44, 0x07, 0x44, 0x07, 0x44, 0x07, 0x44, 0x07,
    0x44, 0x07, 0x44, 0x07, 0x44, 0x07, 0x44, 0x07, 0x44, 0x07, 0x44, 0x07, 0x44, 0x07, 0x44, 0x07,
    0x44, 0x07, 0x44, 0x07, 0x44, 0x07, 0x44, 0x07, 0x44, 0x07, 0x44, 0x07, 0x44, 0x07, 0x44, 0x07,
    0x44, 0x07, 0x44, 0x07, 0x44, 0x07, 0x44, 0x07, 0x44, 0x07, 0x44, 0x04, 0x04, 0x04, 0x04, 0x04,
    0x04, 0x04, 0x04, 0x04, 0x04, 0x00, 0x00, 0x00, 0x00, 0x00, 0x00, 0x00, 0x00, 0x00, 0x00, 0x00,
    0x00, 0x00, 0x00, 0x00, 0x00, 0x00, 0x00, 0x00, 0x00, 0x00, 0x00, 0x00, 0x00, 0x00, 0x00, 0x00,
    0x00, 0x00, 0x00, 0x00, 0x5A, 0xA5, 0x00, 0x00, 0x44, 0x01, 0x00, 0x00, 0x06, 0x00, 0x00, 0x00,
    0x4C, 0x00, 0x00, 0x00, 0x00, 0x00, 0x00, 0x00, 0xDA, 0x3F, 0x06, 0x00, 0x57, 0x4C, 0x2B, 0xA0,
    0x2A, 0x00, 0x00, 0x00, 0x2A, 0x00, 0x00, 0x00, 0x1C, 0x00, 0x10, 0xD0, 0x7E, 0x5A, 0x0D, 0xA7,
    0xFF, 0xFF, 0x00, 0x00, 0x00, 0x00, 0x1B, 0x00, 0x00, 0x02, 0x00, 0x01, 0x00, 0x00, 0x02, 0x0E,
    0x00, 0x00, 0x00, 0x00, 0x21, 0x09, 0x05, 0x03, 0x01, 0x00, 0x06, 0x00, 0x05, 0x88, 0xB8, 0x00,
    0x00, 0x00, 0x00, 0x00, 0x4C, 0x00, 0x00, 0x00, 0x06, 0x00, 0x00, 0x00, 0x3C, 0x00, 0x00, 0x00,
    0x00, 0x00, 0x00, 0x00, 0xDA, 0x3F, 0x06, 0x00, 0xE3, 0x53, 0x2B, 0xA0, 0x1C, 0x00, 0x00, 0x00,
    0x1C, 0x00, 0x00, 0x00, 0x1C, 0x00, 0x10, 0xD0, 0x7E, 0x5A, 0x0D, 0xA7, 0xFF, 0xFF, 0x00, 0x00,
    0x00, 0x00, 0x08, 0x00, 0x01, 0x02, 0x00, 0x01, 0x00, 0x00, 0x02, 0x00, 0x00, 0x00, 0x00, 0x03,
    0x3C, 0x00, 0x00, 0x00, 0x06, 0x00, 0x00, 0x00, 0x44, 0x00, 0x00, 0x00, 0x00, 0x00, 0x00, 0x00,
    0xDA, 0x3F, 0x06, 0x00, 0x7F, 0xC5, 0x2B, 0xA0, 0x24, 0x00, 0x00, 0x00, 0x24, 0x00, 0x00, 0x00,
    0x1C, 0x00, 0xA0, 0x55, 0xBE, 0x5D, 0x0D, 0xA7, 0xFF, 0xFF, 0x00, 0x00, 0x00, 0x00, 0x1B, 0x00,
    0x00, 0x02, 0x00, 0x01, 0x00, 0x80, 0x02, 0x08, 0x00, 0x00, 0x00, 0x00, 0xA1, 0x01, 0x06, 0x03,
    0x01, 0x00, 0x08, 0x04, 0x44, 0x00, 0x00, 0x00, 0x06, 0x00, 0x00, 0x00, 0x44, 0x04, 0x00, 0x00,
    0x00, 0x00, 0x00, 0x00, 0xDA, 0x3F, 0x06, 0x00, 0x0C, 0xF4, 0x2B, 0xA0, 0x24, 0x04, 0x00, 0x00,
    0x24, 0x04, 0x00, 0x00, 0x1C, 0x00, 0xA0, 0x55, 0xBE, 0x5D, 0x0D, 0xA7, 0xFF, 0xFF, 0x00, 0x00,
    0x00, 0x00, 0x08, 0x00, 0x01, 0x02, 0x00, 0x01, 0x00, 0x80, 0x02, 0x08, 0x04, 0x00, 0x00, 0x03,
    0x06, 0x88, 0x00, 0x00, 0x00, 0x00, 0x00, 0x00, 0xFF, 0x00, 0x00, 0xFF, 0xFF, 0x00, 0x00, 0xFF,
    0x00, 0x00, 0xFF, 0xFF, 0x00, 0x00, 0xFF, 0xFF, 0x00, 0xFF, 0xFF, 0xFF, 0xFF, 0xFF, 0xFF, 0xFF,
    0x00, 0x00, 0xFF, 0x00, 0xFF, 0x00, 0xFF, 0xFF, 0x00, 0xFF, 0x00, 0xFF, 0x00, 0xFF, 0xFF, 0xFF,
    0xFF, 0xFF, 0xFF, 0xFF, 0xFF, 0x00, 0x00, 0xFF, 0x00, 0xFF, 0x00, 0xFF, 0xFF, 0x00, 0xFF, 0x00,
    0xFF, 0x00, 0xFF, 0xFF, 0xFF, 0xFF, 0xFF, 0xFF, 0x00, 0x00, 0x00, 0x00, 0xFF, 0x00, 0xFF, 0x00,
    0xFF, 0xFF, 0x00, 0xFF, 0x00, 0xFF, 0x00, 0xFF, 0xFF, 0xFF, 0xFF, 0xFF, 0xFF, 0x00, 0x00, 0x00,
    0x00, 0xFF, 0x00, 0xFF, 0x00, 0xFF, 0xFF, 0x00, 0xFF, 0x00, 0xFF, 0x00, 0xFF, 0xFF, 0xFF, 0xFF,
    0xFF, 0xFF, 0xFF, 0xFF, 0x00, 0x00, 0xFF, 0x00, 0xFF, 0x00, 0xFF, 0xFF, 0x00, 0xFF, 0x00, 0xFF,
    0x00, 0xFF, 0xFF, 0xFF, 0xFF, 0xFF, 0xFF, 0xFF, 0xFF, 0x00, 0x00, 0xFF, 0x00, 0xFF, 0x00, 0xFF,
    0xFF, 0x00, 0xFF, 0x00, 0xFF, 0x00, 0xFF, 0xFF, 0xFF, 0xFF, 0xFF, 0xFF, 0x00, 0x00, 0x00, 0x00,
    0xFF, 0x00, 0xFF, 0x00, 0xFF, 0xFF, 0x00, 0xFF, 0x00, 0xFF, 0x00, 0xFF, 0xFF, 0xFF, 0xFF, 0xFF,
    0xFF, 0x00, 0x00, 0x00, 0x00, 0xFF, 0x00, 0xFF, 0x00, 0xFF, 0xFF, 0x00, 0xFF, 0x00, 0xFF, 0x00,
    0xFF, 0xFF, 0xFF, 0xFF, 0xFF, 0xFF, 0x00, 0x00, 0x00, 0x00, 0xFF, 0x00, 0xFF, 0x00, 0xFF, 0xFF,
    0x00, 0xFF, 0x00, 0xFF, 0x00, 0xFF, 0xFF, 0xFF, 0xFF, 0xFF, 0xFF, 0x00, 0x00, 0x00, 0x00, 0xFF,
    0x00, 0xFF, 0x00, 0xFF, 0xFF, 0x00, 0xFF, 0x00, 0xFF, 0x00, 0xFF, 0xFF, 0xFF, 0xFF, 0xFF, 0xFE,
    0x00, 0x00, 0x00, 0x00, 0xFF, 0x00, 0xFF, 0x00, 0xFF, 0xFF, 0x00, 0xFF, 0x00, 0xFF, 0x00, 0xFF,
    0xFF, 0xFF, 0xFF, 0xFF, 0xFF, 0x00, 0x00, 0x00, 0x00, 0xFF, 0x00, 0xFF, 0x00, 0xFF, 0xFF, 0x00,
    0xFF, 0x00, 0xFF, 0x00, 0xFF, 0xFF, 0xFF, 0xFF, 0xFF, 0xFF, 0x00, 0x00, 0x00, 0x00, 0xFF, 0x00,
    0xFF, 0x00, 0xFF, 0xFF, 0x00, 0xFF, 0x00, 0xFF, 0x00, 0xFF, 0xFF, 0xFF, 0xFF, 0xFF, 0xFF, 0x00,
    0x00, 0x00, 0x00, 0xFF, 0x00, 0xFF, 0x00, 0xFF, 0xFF, 0x00, 0xFF, 0x00, 0xFF, 0x00, 0xFF, 0xFF,
    0xFF, 0xFF, 0xFF, 0xFF, 0x00, 0x00, 0x00, 0x00, 0xFF, 0x00, 0xFF, 0x00, 0xFF, 0xFF, 0x00, 0xFF,
    0x00, 0xFF, 0x00, 0xFF, 0xFF, 0xFF, 0xFF, 0xFF, 0xFF, 0x00, 0x00, 0x00, 0x00, 0xFF, 0x00, 0xFF,
    0x00, 0xFF, 0xFF, 0x00, 0xFF, 0x00, 0xFF, 0x00, 0xFF, 0xFF, 0xFF, 0xFF, 0xFF, 0xFF, 0x00, 0x00,
    0x00, 0x00, 0xFF, 0x00, 0xFF, 0x00, 0xFF, 0xFF, 0x00, 0xFF, 0x00, 0xFF, 0x00, 0xFF, 0xFF, 0xFF,
    0xFF, 0xFF, 0x3F, 0x00, 0xFF, 0x00, 0x00, 0xFF, 0x00, 0xFF, 0x00, 0xFF, 0xFF, 0x00, 0xFF, 0x00,
    0xFF, 0x00, 0xFF, 0xFF, 0xFF, 0xFF, 0xFF, 0xFF, 0x00, 0x00, 0x00, 0x00, 0xFF, 0x00, 0xFF, 0x00,
    0xFF, 0xFF, 0x00, 0xFF, 0x00, 0xFF, 0x00, 0xFF, 0xFF, 0xFF, 0xFF, 0xFF, 0xFF, 0x00, 0x00, 0x00,
    0x00, 0xFF, 0x00, 0xFF, 0x00, 0xFF, 0xFF, 0x00, 0xFF, 0x00, 0xFF, 0x00, 0xFF, 0xFF, 0xFF, 0xFF,
    0xFF, 0xFF, 0x00, 0x00, 0x00, 0x00, 0xFF, 0x00, 0xFF, 0x00, 0xFF, 0xFF, 0x00, 0xFF, 0x00, 0xFF,
    0x00, 0xFF, 0xFF, 0xFF, 0xFF, 0xFF, 0xFF, 0x00, 0x00, 0x00, 0x00, 0xFF, 0x00, 0xFF, 0x00, 0xFF,
    0xFF, 0x00, 0xFF, 0x00, 0xFF, 0x00, 0xFF, 0xFF, 0xFF, 0xFF, 0xFF, 0xFF, 0x00, 0x00, 0xFF, 0xFF,
    0x00, 0x00, 0xFF, 0x00, 0x00, 0xFF, 0xFF, 0x00
},
/* effect 0x8 */
{
    0x06, 0x83, 0xB6, 0x00, 0x00, 0x00, 0x00, 0x00, 0x00, 0x00, 0x00, 0x00, 0x00, 0x00, 0x5A, 0xA5,
    0x03, 0x03, 0x00, 0x00, 0x00, 0x08, 0x20, 0x02, 0x00, 0x00, 0x00, 0x00, 0x55, 0x55, 0x01, 0x00,
    0x00, 0x00, 0x00, 0x00, 0xFF, 0xFF, 0x00, 0x31, 0x00, 0x34, 0x00, 0x34, 0x07, 0x34, 0x00, 0x34,
    0x00, 0x34, 0x07, 0x34, 0x07, 0x34, 0x07, 0x34, 0x07, 0x34, 0x00, 0x34, 0x07, 0x34, 0x07, 0x34,
    0x07, 0x34, 0x07, 0x34, 0x07, 0x34, 0x07, 0x34, 0x00, 0x34, 0x07, 0x34, 0x07, 0x34, 0x07, 0x34,
    0x07, 0x34, 0x07, 0x44, 0x07, 0x44, 0x07, 0x44, 0x07, 0x44, 0x07, 0x44, 0x07, 0x44, 0x07, 0x44,
    0x04, 0x04, 0x04, 0x04, 0x04, 0x04, 0x04, 0x04, 0x04, 0x04, 0x00, 0x00, 0x00, 0x00, 0x00, 0x00,
    0x00, 0x00, 0x00, 0x00, 0x00, 0x00, 0x00, 0x00, 0x00, 0x00, 0x00, 0x00, 0x00, 0x00, 0x00, 0x00,
    0x00, 0x00, 0x00, 0x00, 0x00, 0x00, 0x00, 0x00, 0x00, 0x5A, 0xA5, 0x03, 0x03, 0x00, 0x00, 0x00,
    0x0B, 0x00, 0x01, 0x00, 0x00, 0x00, 0x00, 0x55, 0x55, 0x01, 0x00, 0x00, 0x00, 0x00, 0x00, 0xFF,
    0xFF, 0x07, 0x44, 0x07, 0x44, 0x07, 0x44, 0x07, 0x44, 0x07, 0x44, 0x07, 0x44, 0x07, 0x44, 0x07,
    0x44, 0x07, 0x44, 0x07, 0x44, 0x07, 0x44, 0x07, 0x44, 0x07, 0x44, 0x07, 0x44, 0x07, 0x44, 0x07,
    0x44, 0x07, 0x44, 0x07, 0x44, 0x07, 0x44, 0x07, 0x44, 0x07, 0x44, 0x07, 0x44, 0x07, 0x44, 0x07,
    0x44, 0x07, 0x44, 0x07, 0x44, 0x07, 0x44, 0x07, 0x44, 0x07, 0x44, 0x04, 0x04, 0x04, 0x04, 0x04,
    0x04, 0x04, 0x04, 0x04, 0x04, 0x00, 0x00, 0x00, 0x00, 0x00, 0x00, 0x00, 0x00, 0x00, 0x00, 0x00,
    0x00, 0x00, 0x00, 0x00, 0x00, 0x00, 0x00, 0x00, 0x00, 0x00, 0x00, 0x00, 0x00, 0x00, 0x00, 0x00,
    0x00, 0x00, 0x00, 0x00, 0x5A, 0xA5, 0x00, 0x00, 0x44, 0x01, 0x00, 0x00, 0x06, 0x00, 0x00, 0x00,
    0x4C, 0x00, 0x00, 0x00, 0x00, 0x00, 0x00, 0x00, 0xDA, 0x3F, 0x06, 0x00, 0x15, 0x1E, 0x5B, 0xA1,
    0x2A, 0x00, 0x00, 0x00, 0x2A, 0x00, 0x00, 0x00, 0x1C, 0x00, 0x90, 0xA9, 0x2E, 0x5D, 0x0D, 0xA7,
    0xFF, 0xFF, 0x00, 0x00, 0x00, 0x00, 0x1B, 0x00, 0x00, 0x02, 0x00, 0x01, 0x00, 0x00, 0x02, 0x0E,
    0x00, 0x00, 0x00, 0x00, 0x21, 0x09, 0x05, 0x03, 0x01, 0x00, 0x06, 0x00, 0x05, 0x88, 0xB8, 0x00,
    0x00, 0x00, 0x00, 0x00, 0x4C, 0x00, 0x00, 0x00, 0x06, 0x00, 0x00, 0x00, 0x3C, 0x00, 0x00, 0x00,
    0x00, 0x00, 0x00, 0x00, 0xDA, 0x3F, 0x06, 0x00, 0x46, 0x25, 0x5B, 0xA1, 0x1C, 0x00, 0x00, 0x00,
    0x1C, 0x00, 0x00, 0x00, 0x1C, 0x00, 0x90, 0xA9, 0x2E, 0x5D, 0x0D, 0xA7, 0xFF, 0xFF, 0x00, 0x00,
    0x00, 0x00, 0x08, 0x00, 0x01, 0x02, 0x00, 0x01, 0x00, 0x00, 0x02, 0x00, 0x00, 0x00, 0x00, 0x03,
    0x3C, 0x00, 0x00, 0x00, 0x06, 0x00, 0x00, 0x00, 0x44, 0x00, 0x00, 0x00, 0x00, 0x00, 0x00, 0x00,
    0xDA, 0x3F, 0x06, 0x00, 0x39, 0x9B, 0x5B, 0xA1, 0x24, 0x00, 0x00, 0x00, 0x24, 0x00, 0x00, 0x00,
    0x1C, 0x00, 0x20, 0xC5, 0xCD, 0x5A, 0x0D, 0xA7, 0xFF, 0xFF, 0x00, 0x00, 0x00, 0x00, 0x1B, 0x00,
    0x00, 0x02, 0x00, 0x01, 0x00, 0x80, 0x02, 0x08, 0x00, 0x00, 0x00, 0x00, 0xA1, 0x01, 0x06, 0x03,
    0x01, 0x00, 0x08, 0x04, 0x44, 0x00, 0x00, 0x00, 0x06, 0x00, 0x00, 0x00, 0x44, 0x04, 0x00, 0x00,
    0x00, 0x00, 0x00, 0x00, 0xDA, 0x3F, 0x06, 0x00, 0x56, 0xC9, 0x5B, 0xA1, 0x24, 0x04, 0x00, 0x00,
    0x24, 0x04, 0x00, 0x00, 0x1C, 0x00, 0x20, 0xC5, 0xCD, 0x5A, 0x0D, 0xA7, 0xFF, 0xFF, 0x00, 0x00,
    0x00, 0x00, 0x08, 0x00, 0x01, 0x02, 0x00, 0x01, 0x00, 0x80, 0x02, 0x08, 0x04, 0x00, 0x00, 0x03,
    0x06, 0x88, 0x00, 0x00, 0x00, 0x00, 0x00, 0x00, 0xFF, 0x00, 0x00, 0xFF, 0xFF, 0x00, 0x00, 0xFF,
    0x00, 0x00, 0xFF, 0xFF, 0x00, 0x00, 0xFF, 0xFF, 0x00, 0xFF, 0xFF, 0xFF, 0xFF, 0xFF, 0xFF, 0xFF,
    0x00, 0x00, 0xFF, 0x00, 0xFF, 0x00, 0xFF, 0xFF, 0x00, 0xFF, 0x00, 0xFF, 0x00, 0xFF, 0xFF, 0xFF,
    0xFF, 0xFF, 0xFF, 0xFF, 0xFF, 0x00, 0x00, 0xFF, 0x00, 0xFF, 0x00, 0xFF, 0xFF, 0x00, 0xFF, 0x00,
    0xFF, 0x00, 0xFF, 0xFF, 0xFF, 0xFF, 0xFF, 0xFF, 0x00, 0x00, 0x00, 0x00, 0xFF, 0x00, 0xFF, 0x00,
    0xFF, 0xFF, 0x00, 0xFF, 0x00, 0xFF, 0x00, 0xFF, 0xFF, 0xFF, 0xFF, 0xFF, 0xFF, 0x00, 0x00, 0x00,
    0x00, 0xFF, 0x00, 0xFF, 0x00, 0xFF, 0xFF, 0x00, 0xFF, 0x00, 0xFF, 0x00, 0xFF, 0xFF, 0xFF, 0xFF,
    0xFF, 0xFF, 0xFF, 0xFF, 0x00, 0x00, 0xFF, 0x00, 0xFF, 0x00, 0xFF, 0xFF, 0x00, 0xFF, 0x00, 0xFF,
    0x00, 0xFF, 0xFF, 0xFF, 0xFF, 0xFF, 0xFF, 0xFF, 0xFF, 0x00, 0x00, 0xFF, 0x00, 0xFF, 0x00, 0xFF,
    0xFF, 0x00, 0xFF, 0x00, 0xFF, 0x00, 0xFF, 0xFF, 0xFF, 0xFF, 0xFF, 0xFF, 0x00, 0x00, 0x00, 0x00,
    0xFF, 0x00, 0xFF, 0x00, 0xFF, 0xFF, 0x00, 0xFF, 0x00, 0xFF, 0x00, 0xFF, 0xFF, 0xFF, 0xFF, 0xFF,
    0xFF, 0x00, 0x00, 0x00, 0x00, 0xFF, 0x00, 0xFF, 0x00, 0xFF, 0xFF, 0x00, 0xFF, 0x00, 0xFF, 0x00,
    0xFF, 0xFF, 0xFF, 0xFF, 0xFF, 0xFF, 0x00, 0x00, 0x00, 0x00, 0xFF, 0x00, 0xFF, 0x00, 0xFF, 0xFF,
    0x00, 0xFF, 0x00, 0xFF, 0x00, 0xFF, 0xFF, 0xFF, 0xFF, 0xFF, 0xFF, 0x00, 0x00, 0x00, 0x00, 0xFF,
    0x00, 0xFF, 0x00, 0xFF, 0xFF, 0x00, 0xFF, 0x00, 0xFF, 0x00, 0xFF, 0xFF, 0xFF, 0xFF, 0xFF, 0xFE,
    0x00, 0x00, 0x00, 0x00, 0xFF, 0x00, 0xFF, 0x00, 0xFF, 0xFF, 0x00, 0xFF, 0x00, 0xFF, 0x00, 0xFF,
    0xFF, 0xFF, 0xFF, 0xFF, 0xFF, 0x00, 0x00, 0x00, 0x00, 0xFF, 0x00, 0xFF, 0x00, 0xFF, 0xFF, 0x00,
    0xFF, 0x00, 0xFF, 0x00, 0xFF, 0xFF, 0xFF, 0xFF, 0xFF, 0xFF, 0x00, 0x00, 0x00, 0x00, 0xFF, 0x00,
    0xFF, 0x00, 0xFF, 0xFF, 0x00, 0xFF, 0x00, 0xFF, 0x00, 0xFF, 0xFF, 0xFF, 0xFF, 0xFF, 0xFF, 0x00,
    0x00, 0x00, 0x00, 0xFF, 0x00, 0xFF, 0x00, 0xFF, 0xFF, 0x00, 0xFF, 0x00, 0xFF, 0x00, 0xFF, 0xFF,
    0xFF, 0xFF, 0xFF, 0xFF, 0x00, 0x00, 0x00, 0x00, 0xFF, 0x00, 0xFF, 0x00, 0xFF, 0xFF, 0x00, 0xFF,
    0x00, 0xFF, 0x00, 0xFF, 0xFF, 0xFF, 0xFF, 0xFF, 0xFF, 0x00, 0x00, 0x00, 0x00, 0xFF, 0x00, 0xFF,
    0x00, 0xFF, 0xFF, 0x00, 0xFF, 0x00, 0xFF, 0x00, 0xFF, 0xFF, 0xFF, 0xFF, 0xFF, 0xFF, 0x00, 0x00,
    0x00, 0x00, 0xFF, 0x00, 0xFF, 0x00, 0xFF, 0xFF, 0x00, 0xFF, 0x00, 0xFF, 0x00, 0xFF, 0xFF, 0xFF,
    0xFF, 0xFF, 0x3F, 0x00, 0xFF, 0x00, 0x00, 0xFF, 0x00, 0xFF, 0x00, 0xFF, 0xFF, 0x00, 0xFF, 0x00,
    0xFF, 0x00, 0xFF, 0xFF, 0xFF, 0xFF, 0xFF, 0xFF, 0x00, 0x00, 0x00, 0x00, 0xFF, 0x00, 0xFF, 0x00,
    0xFF, 0xFF, 0x00, 0xFF, 0x00, 0xFF, 0x00, 0xFF, 0xFF, 0xFF, 0xFF, 0xFF, 0xFF, 0x00, 0x00, 0x00,
    0x00, 0xFF, 0x00, 0xFF, 0x00, 0xFF, 0xFF, 0x00, 0xFF, 0x00, 0xFF, 0x00, 0xFF, 0xFF, 0xFF, 0xFF,
    0xFF, 0xFF, 0x00, 0x00, 0x00, 0x00, 0xFF, 0x00, 0xFF, 0x00, 0xFF, 0xFF, 0x00, 0xFF, 0x00, 0xFF,
    0x00, 0xFF, 0xFF, 0xFF, 0xFF, 0xFF, 0xFF, 0x00, 0x00, 0x00, 0x00, 0xFF, 0x00, 0xFF, 0x00, 0xFF,
    0xFF, 0x00, 0xFF, 0x00, 0xFF, 0x00, 0xFF, 0xFF, 0xFF, 0xFF, 0xFF, 0xFF, 0x00, 0x00, 0xFF, 0xFF,
    0x00, 0x00, 0xFF, 0x00, 0x00, 0xFF, 0xFF, 0x00
},
/* effect 0x9 */
{
    0x06, 0x83, 0xB6, 0x00, 0x00, 0x00, 0x00, 0x00, 0x00, 0x00, 0x00, 0x00, 0x00, 0x00, 0x5A, 0xA5,
    0x03, 0x03, 0x00, 0x00, 0x00, 0x09, 0x20, 0x02, 0x00, 0x00, 0x00, 0x00, 0x55, 0x55, 0x01, 0x00,
    0x00, 0x00, 0x00, 0x00, 0xFF, 0xFF, 0x00, 0x31, 0x00, 0x34, 0x00, 0x34, 0x07, 0x34, 0x00, 0x34,
    0x00, 0x34, 0x07, 0x34, 0x07, 0x34, 0x07, 0x34, 0x07, 0x34, 0x00, 0x34, 0x07, 0x34, 0x07, 0x34,
    0x07, 0x34, 0x07, 0x34, 0x07, 0x34, 0x07, 0x34, 0x00, 0x34, 0x07, 0x34, 0x07, 0x34, 0x07, 0x34,
    0x07, 0x34, 0x07, 0x44, 0x07, 0x44, 0x07, 0x44, 0x07, 0x44, 0x07, 0x44, 0x07, 0x44, 0x07, 0x44,
    0x04, 0x04, 0x04, 0x04, 0x04, 0x04, 0x04, 0x04, 0x04, 0x04, 0x00, 0x00, 0x00, 0x00, 0x00, 0x00,
    0x00, 0x00, 0x00, 0x00, 0x00, 0x00, 0x00, 0x00, 0x00, 0x00, 0x00, 0x00, 0x00, 0x00, 0x00, 0x00,
    0x00, 0x00, 0x00, 0x00, 0x00, 0x00, 0x00, 0x00, 0x00, 0x5A, 0xA5, 0x03, 0x03, 0x00, 0x00, 0x00,
    0x0B, 0x00, 0x01, 0x00, 0x00, 0x00, 0x00, 0x55, 0x55, 0x01, 0x00, 0x00, 0x00, 0x00, 0x00, 0xFF,
    0xFF, 0x07, 0x44, 0x07, 0x44, 0x07, 0x44, 0x07, 0x44, 0x07, 0x44, 0x07, 0x44, 0x07, 0x44, 0x07,
    0x44, 0x07, 0x44, 0x07, 0x44, 0x07, 0x44, 0x07, 0x44, 0x07, 0x44, 0x07, 0x44, 0x07, 0x44, 0x07,
    0x44, 0x07, 0x44, 0x07, 0x44, 0x07, 0x44, 0x07, 0x44, 0x07, 0x44, 0x07, 0x44, 0x07, 0x44, 0x07,
    0x44, 0x07, 0x44, 0x07, 0x44, 0x07, 0x44, 0x07, 0x44, 0x07, 0x44, 0x04, 0x04, 0x04, 0x04, 0x04,
    0x04, 0x04, 0x04, 0x04, 0x04, 0x00, 0x00, 0x00, 0x00, 0x00, 0x00, 0x00, 0x00, 0x00, 0x00, 0x00,
    0x00, 0x00, 0x00, 0x00, 0x00, 0x00, 0x00, 0x00, 0x00, 0x00, 0x00, 0x00, 0x00, 0x00, 0x00, 0x00,
    0x00, 0x00, 0x00, 0x00, 0x5A, 0xA5, 0x00, 0x00, 0x44, 0x01, 0x00, 0x00, 0x06, 0x00, 0x00, 0x00,
    0x4C, 0x00, 0x00, 0x00, 0x00, 0x00, 0x00, 0x00, 0xDA, 0x3F, 0x06, 0x00, 0xA1, 0xC4, 0xB2, 0xA2,
    0x2A, 0x00, 0x00, 0x00, 0x2A, 0x00, 0x00, 0x00, 0x1C, 0x00, 0x20, 0x18, 0xD6, 0x52, 0x0D, 0xA7,
    0xFF, 0xFF, 0x00, 0x00, 0x00, 0x00, 0x1B, 0x00, 0x00, 0x02, 0x00, 0x01, 0x00, 0x00, 0x02, 0x0E,
    0x00, 0x00, 0x00, 0x00, 0x21, 0x09, 0x05, 0x03, 0x01, 0x00, 0x06, 0x00, 0x05, 0x88, 0xB8, 0x00,
    0x00, 0x00, 0x00, 0x00, 0x4C, 0x00, 0x00, 0x00, 0x06, 0x00, 0x00, 0x00, 0x3C, 0x00, 0x00, 0x00,
    0x00, 0x00, 0x00, 0x00, 0xDA, 0x3F, 0x06, 0x00, 0xF7, 0xC9, 0xB2, 0xA2, 0x1C, 0x00, 0x00, 0x00,
    0x1C, 0x00, 0x00, 0x00, 0x1C, 0x00, 0x20, 0x18, 0xD6, 0x52, 0x0D, 0xA7, 0xFF, 0xFF, 0x00, 0x00,
    0x00, 0x00, 0x08, 0x00, 0x01, 0x02, 0x00, 0x01, 0x00, 0x00, 0x02, 0x00, 0x00, 0x00, 0x00, 0x03,
    0x3C, 0x00, 0x00, 0x00, 0x06, 0x00, 0x00, 0x00, 0x44, 0x00, 0x00, 0x00, 0x00, 0x00, 0x00, 0x00,
    0xDA, 0x3F, 0x06, 0x00, 0xC0, 0x41, 0xB3, 0xA2, 0x24, 0x00, 0x00, 0x00, 0x24, 0x00, 0x00, 0x00,
    0x1C, 0x00, 0x10, 0xB0, 0xEF, 0x5C, 0x0D, 0xA7, 0xFF, 0xFF, 0x00, 0x00, 0x00, 0x00, 0x1B, 0x00,
    0x00, 0x02, 0x00, 0x01, 0x00, 0x80, 0x02, 0x08, 0x00, 0x00, 0x00, 0x00, 0xA1, 0x01, 0x06, 0x03,
    0x01, 0x00, 0x08, 0x04, 0x44, 0x00, 0x00, 0x00, 0x06, 0x00, 0x00, 0x00, 0x44, 0x04, 0x00, 0x00,
    0x00, 0x00, 0x00, 0x00, 0xDA, 0x3F, 0x06, 0x00, 0x09, 0x6E, 0xB3, 0xA2, 0x24, 0x04, 0x00, 0x00,
    0x24, 0x04, 0x00, 0x00, 0x1C, 0x00, 0x10, 0xB0, 0xEF, 0x5C, 0x0D, 0xA7, 0xFF, 0xFF, 0x00, 0x00,
    0x00, 0x00, 0x08, 0x00, 0x01, 0x02, 0x00, 0x01, 0x00, 0x80, 0x02, 0x08, 0x04, 0x00, 0x00, 0x03,
    0x06, 0x88, 0x00, 0x00, 0x00, 0x00, 0x00, 0x00, 0xFF, 0x00, 0x00, 0xFF, 0xFF, 0x00, 0x00, 0xFF,
    0x00, 0x00, 0xFF, 0xFF, 0x00, 0x00, 0xFF, 0xFF, 0x00, 0xFF, 0xFF, 0xFF, 0xFF, 0xFF, 0xFF, 0xFF,
    0x00, 0x00, 0xFF, 0x00, 0xFF, 0x00, 0xFF, 0xFF, 0x00, 0xFF, 0x00, 0xFF, 0x00, 0xFF, 0xFF, 0xFF,
    0xFF, 0xFF, 0xFF, 0xFF, 0xFF, 0x00, 0x00, 0xFF, 0x00, 0xFF, 0x00, 0xFF, 0xFF, 0x00, 0xFF, 0x00,
    0xFF, 0x00, 0xFF, 0xFF, 0xFF, 0xFF, 0xFF, 0xFF, 0x00, 0x00, 0x00, 0x00, 0xFF, 0x00, 0xFF, 0x00,
    0xFF, 0xFF, 0x00, 0xFF, 0x00, 0xFF, 0x00, 0xFF, 0xFF, 0xFF, 0xFF, 0xFF, 0xFF, 0x00, 0x00, 0x00,
    0x00, 0xFF, 0x00, 0xFF, 0x00, 0xFF, 0xFF, 0x00, 0xFF, 0x00, 0xFF, 0x00, 0xFF, 0xFF, 0xFF, 0xFF,
    0xFF, 0xFF, 0xFF, 0xFF, 0x00, 0x00, 0xFF, 0x00, 0xFF, 0x00, 0xFF, 0xFF, 0x00, 0xFF, 0x00, 0xFF,
    0x00, 0xFF, 0xFF, 0xFF, 0xFF, 0xFF, 0xFF, 0xFF, 0xFF, 0x00, 0x00, 0xFF, 0x00, 0xFF, 0x00, 0xFF,
    0xFF, 0x00, 0xFF, 0x00, 0xFF, 0x00, 0xFF, 0xFF, 0xFF, 0xFF, 0xFF, 0xFF, 0x00, 0x00, 0x00, 0x00,
    0xFF, 0x00, 0xFF, 0x00, 0xFF, 0xFF, 0x00, 0xFF, 0x00, 0xFF, 0x00, 0xFF, 0xFF, 0xFF, 0xFF, 0xFF,
    0xFF, 0x00, 0x00, 0x00, 0x00, 0xFF, 0x00, 0xFF, 0x00, 0xFF, 0xFF, 0x00, 0xFF, 0x00, 0xFF, 0x00,
    0xFF, 0xFF, 0xFF, 0xFF, 0xFF, 0xFF, 0x00, 0x00, 0x00, 0x00, 0xFF, 0x00, 0xFF, 0x00, 0xFF, 0xFF,
    0x00, 0xFF, 0x00, 0xFF, 0x00, 0xFF, 0xFF, 0xFF, 0xFF, 0xFF, 0xFF, 0x00, 0x00, 0x00, 0x00, 0xFF,
    0x00, 0xFF, 0x00, 0xFF, 0xFF, 0x00, 0xFF, 0x00, 0xFF, 0x00, 0xFF, 0xFF, 0xFF, 0xFF, 0xFF, 0xFE,
    0x00, 0x00, 0x00, 0x00, 0xFF, 0x00, 0xFF, 0x00, 0xFF, 0xFF, 0x00, 0xFF, 0x00, 0xFF, 0x00, 0xFF,
    0xFF, 0xFF, 0xFF, 0xFF, 0xFF, 0x00, 0x00, 0x00, 0x00, 0xFF, 0x00, 0xFF, 0x00, 0xFF, 0xFF, 0x00,
    0xFF, 0x00, 0xFF, 0x00, 0xFF, 0xFF, 0xFF, 0xFF, 0xFF, 0xFF, 0x00, 0x00, 0x00, 0x00, 0xFF, 0x00,
    0xFF, 0x00, 0xFF, 0xFF, 0x00, 0xFF, 0x00, 0xFF, 0x00, 0xFF, 0xFF, 0xFF, 0xFF, 0xFF, 0xFF, 0x00,
    0x00, 0x00, 0x00, 0xFF, 0x00, 0xFF, 0x00, 0xFF, 0xFF, 0x00, 0xFF, 0x00, 0xFF, 0x00, 0xFF, 0xFF,
    0xFF, 0xFF, 0xFF, 0xFF, 0x00, 0x00, 0x00, 0x00, 0xFF, 0x00, 0xFF, 0x00, 0xFF, 0xFF, 0x00, 0xFF,
    0x00, 0xFF, 0x00, 0xFF, 0xFF, 0xFF, 0xFF, 0xFF, 0xFF, 0x00, 0x00, 0x00, 0x00, 0xFF, 0x00, 0xFF,
    0x00, 0xFF, 0xFF, 0x00, 0xFF, 0x00, 0xFF, 0x00, 0xFF, 0xFF, 0xFF, 0xFF, 0xFF, 0xFF, 0x00, 0x00,
    0x00, 0x00, 0xFF, 0x00, 0xFF, 0x00, 0xFF, 0xFF, 0x00, 0xFF, 0x00, 0xFF, 0x00, 0xFF, 0xFF, 0xFF,
    0xFF, 0xFF, 0x3F, 0x00, 0xFF, 0x00, 0x00, 0xFF, 0x00, 0xFF, 0x00, 0xFF, 0xFF, 0x00, 0xFF, 0x00,
    0xFF, 0x00, 0xFF, 0xFF, 0xFF, 0xFF, 0xFF, 0xFF, 0x00, 0x00, 0x00, 0x00, 0xFF, 0x00, 0xFF, 0x00,
    0xFF, 0xFF, 0x00, 0xFF, 0x00, 0xFF, 0x00, 0xFF, 0xFF, 0xFF, 0xFF, 0xFF, 0xFF, 0x00, 0x00, 0x00,
    0x00, 0xFF, 0x00, 0xFF, 0x00, 0xFF, 0xFF, 0x00, 0xFF, 0x00, 0xFF, 0x00, 0xFF, 0xFF, 0xFF, 0xFF,
    0xFF, 0xFF, 0x00, 0x00, 0x00, 0x00, 0xFF, 0x00, 0xFF, 0x00, 0xFF, 0xFF, 0x00, 0xFF, 0x00, 0xFF,
    0x00, 0xFF, 0xFF, 0xFF, 0xFF, 0xFF, 0xFF, 0x00, 0x00, 0x00, 0x00, 0xFF, 0x00, 0xFF, 0x00, 0xFF,
    0xFF, 0x00, 0xFF, 0x00, 0xFF, 0x00, 0xFF, 0xFF, 0xFF, 0xFF, 0xFF, 0xFF, 0x00, 0x00, 0xFF, 0xFF,
    0x00, 0x00, 0xFF, 0x00, 0x00, 0xFF, 0xFF, 0x00
},
/* effect 0xa */
{
    0x06, 0x83, 0xB6, 0x00, 0x00, 0x00, 0x00, 0x00, 0x00, 0x00, 0x00, 0x00, 0x00, 0x00, 0x5A, 0xA5,
    0x03, 0x03, 0x00, 0x00, 0x00, 0x0A, 0x20, 0x02, 0x00, 0x00, 0x00, 0x00, 0x55, 0x55, 0x01, 0x00,
    0x00, 0x00, 0x00, 0x00, 0xFF, 0xFF, 0x00, 0x31, 0x00, 0x34, 0x00, 0x34, 0x07, 0x34, 0x00, 0x34,
    0x00, 0x34, 0x07, 0x34, 0x07, 0x34, 0x07, 0x34, 0x07, 0x34, 0x00, 0x34, 0x07, 0x34, 0x07, 0x34,
    0x07, 0x34, 0x07, 0x34, 0x07, 0x34, 0x07, 0x34, 0x00, 0x34, 0x07, 0x34, 0x07, 0x34, 0x07, 0x34,
    0x07, 0x34, 0x07, 0x44, 0x07, 0x44, 0x07, 0x44, 0x07, 0x44, 0x07, 0x44, 0x07, 0x44, 0x07, 0x44,
    0x04, 0x04, 0x04, 0x04, 0x04, 0x04, 0x04, 0x04, 0x04, 0x04, 0x00, 0x00, 0x00, 0x00, 0x00, 0x00,
    0x00, 0x00, 0x00, 0x00, 0x00, 0x00, 0x00, 0x00, 0x00, 0x00, 0x00, 0x00, 0x00, 0x00, 0x00, 0x00,
    0x00, 0x00, 0x00, 0x00, 0x00, 0x00, 0x00, 0x00, 0x00, 0x5A, 0xA5, 0x03, 0x03, 0x00, 0x00, 0x00,
    0x0B, 0x00, 0x01, 0x00, 0x00, 0x00, 0x00, 0x55, 0x55, 0x01, 0x00, 0x00, 0x00, 0x00, 0x00, 0xFF,
    0xFF, 0x07, 0x44, 0x07, 0x44, 0x07, 0x44, 0x07, 0x44, 0x07, 0x44, 0x07, 0x44, 0x07, 0x44, 0x07,
    0x44, 0x07, 0x44, 0x07, 0x44, 0x07, 0x44, 0x07, 0x44, 0x07, 0x44, 0x07, 0x44, 0x07, 0x44, 0x07,
    0x44, 0x07, 0x44, 0x07, 0x44, 0x07, 0x44, 0x07, 0x44, 0x07, 0x44, 0x07, 0x44, 0x07, 0x44, 0x07,
    0x44, 0x07, 0x44, 0x07, 0x44, 0x07, 0x44, 0x07, 0x44, 0x07, 0x44, 0x04, 0x04, 0x04, 0x04, 0x04,
    0x04, 0x04, 0x04, 0x04, 0x04, 0x00, 0x00, 0x00, 0x00, 0x00, 0x00, 0x00, 0x00, 0x00, 0x00, 0x00,
    0x00, 0x00, 0x00, 0x00, 0x00, 0x00, 0x00, 0x00, 0x00, 0x00, 0x00, 0x00, 0x00, 0x00, 0x00, 0x00,
    0x00, 0x00, 0x00, 0x00, 0x5A, 0xA5, 0x00, 0x00, 0x44, 0x01, 0x00, 0x00, 0x06, 0x00, 0x00, 0x00,
    0x4C, 0x00, 0x00, 0x00, 0x00, 0x00, 0x00, 0x00, 0xDA, 0x3F, 0x06, 0x00, 0xC9, 0x10, 0x9B, 0xA3,
    0x2A, 0x00, 0x00, 0x00, 0x2A, 0x00, 0x00, 0x00, 0x1C, 0x00, 0x60, 0x16, 0xB9, 0x52, 0x0D, 0xA7,
    0xFF, 0xFF, 0x00, 0x00, 0x00, 0x00, 0x1B, 0x00, 0x00, 0x02, 0x00, 0x01, 0x00, 0x00, 0x02, 0x0E,
    0x00, 0x00, 0x00, 0x00, 0x21, 0x09, 0x05, 0x03, 0x01, 0x00, 0x06, 0x00, 0x05, 0x88, 0xB8, 0x00,
    0x00, 0x00, 0x00, 0x00, 0x4C, 0x00, 0x00, 0x00, 0x06, 0x00, 0x00, 0x00, 0x3C, 0x00, 0x00, 0x00,
    0x00, 0x00, 0x00, 0x00, 0xDA, 0x3F, 0x06, 0x00, 0xBF, 0x16, 0x9B, 0xA3, 0x1C, 0x00, 0x00, 0x00,
    0x1C, 0x00, 0x00, 0x00, 0x1C, 0x00, 0x60, 0x16, 0xB9, 0x52, 0x0D, 0xA7, 0xFF, 0xFF, 0x00, 0x00,
    0x00, 0x00, 0x08, 0x00, 0x01, 0x02, 0x00, 0x01, 0x00, 0x00, 0x02, 0x00, 0x00, 0x00, 0x00, 0x03,
    0x3C, 0x00, 0x00, 0x00, 0x06, 0x00, 0x00, 0x00, 0x44, 0x00, 0x00, 0x00, 0x00, 0x00, 0x00, 0x00,
    0xDA, 0x3F, 0x06, 0x00, 0x06, 0x8E, 0x9B, 0xA3, 0x24, 0x00, 0x00, 0x00, 0x24, 0x00, 0x00, 0x00,
    0x1C, 0x00, 0x10, 0x80, 0xD6, 0x52, 0x0D, 0xA7, 0xFF, 0xFF, 0x00, 0x00, 0x00, 0x00, 0x1B, 0x00,
    0x00, 0x02, 0x00, 0x01, 0x00, 0x80, 0x02, 0x08, 0x00, 0x00, 0x00, 0x00, 0xA1, 0x01, 0x06, 0x03,
    0x01, 0x00, 0x08, 0x04, 0x44, 0x00, 0x00, 0x00, 0x06, 0x00, 0x00, 0x00, 0x44, 0x04, 0x00, 0x00,
    0x00, 0x00, 0x00, 0x00, 0xDA, 0x3F, 0x06, 0x00, 0xD1, 0xBA, 0x9B, 0xA3, 0x24, 0x04, 0x00, 0x00,
    0x24, 0x04, 0x00, 0x00, 0x1C, 0x00, 0x10, 0x80, 0xD6, 0x52, 0x0D, 0xA7, 0xFF, 0xFF, 0x00, 0x00,
    0x00, 0x00, 0x08, 0x00, 0x01, 0x02, 0x00, 0x01, 0x00, 0x80, 0x02, 0x08, 0x04, 0x00, 0x00, 0x03,
    0x06, 0x88, 0x00, 0x00, 0x00, 0x00, 0x00, 0x00, 0xFF, 0x00, 0x00, 0xFF, 0xFF, 0x00, 0x00, 0xFF,
    0x00, 0x00, 0xFF, 0xFF, 0x00, 0x00, 0xFF, 0xFF, 0x00, 0xFF, 0xFF, 0xFF, 0xFF, 0xFF, 0xFF, 0xFF,
    0x00, 0x00, 0xFF, 0x00, 0xFF, 0x00, 0xFF, 0xFF, 0x00, 0xFF, 0x00, 0xFF, 0x00, 0xFF, 0xFF, 0xFF,
    0xFF, 0xFF, 0xFF, 0xFF, 0xFF, 0x00, 0x00, 0xFF, 0x00, 0xFF, 0x00, 0xFF, 0xFF, 0x00, 0xFF, 0x00,
    0xFF, 0x00, 0xFF, 0xFF, 0xFF, 0xFF, 0xFF, 0xFF, 0x00, 0x00, 0x00, 0x00, 0xFF, 0x00, 0xFF, 0x00,
    0xFF, 0xFF, 0x00, 0xFF, 0x00, 0xFF, 0x00, 0xFF, 0xFF, 0xFF, 0xFF, 0xFF, 0xFF, 0x00, 0x00, 0x00,
    0x00, 0xFF, 0x00, 0xFF, 0x00, 0xFF, 0xFF, 0x00, 0xFF, 0x00, 0xFF, 0x00, 0xFF, 0xFF, 0xFF, 0xFF,
    0xFF, 0xFF, 0xFF, 0xFF, 0x00, 0x00, 0xFF, 0x00, 0xFF, 0x00, 0xFF, 0xFF, 0x00, 0xFF, 0x00, 0xFF,
    0x00, 0xFF, 0xFF, 0xFF, 0xFF, 0xFF, 0xFF, 0xFF, 0xFF, 0x00, 0x00, 0xFF, 0x00, 0xFF, 0x00, 0xFF,
    0xFF, 0x00, 0xFF, 0x00, 0xFF, 0x00, 0xFF, 0xFF, 0xFF, 0xFF, 0xFF, 0xFF, 0x00, 0x00, 0x00, 0x00,
    0xFF, 0x00, 0xFF, 0x00, 0xFF, 0xFF, 0x00, 0xFF, 0x00, 0xFF, 0x00, 0xFF, 0xFF, 0xFF, 0xFF, 0xFF,
    0xFF, 0x00, 0x00, 0x00, 0x00, 0xFF, 0x00, 0xFF, 0x00, 0xFF, 0xFF, 0x00, 0xFF, 0x00, 0xFF, 0x00,
    0xFF, 0xFF, 0xFF, 0xFF, 0xFF, 0xFF, 0x00, 0x00, 0x00, 0x00, 0xFF, 0x00, 0xFF, 0x00, 0xFF, 0xFF,
    0x00, 0xFF, 0x00, 0xFF, 0x00, 0xFF, 0xFF, 0xFF, 0xFF, 0xFF, 0xFF, 0x00, 0x00, 0x00, 0x00, 0xFF,
    0x00, 0xFF, 0x00, 0xFF, 0xFF, 0x00, 0xFF, 0x00, 0xFF, 0x00, 0xFF, 0xFF, 0xFF, 0xFF, 0xFF, 0xFE,
    0x00, 0x00, 0x00, 0x00, 0xFF, 0x00, 0xFF, 0x00, 0xFF, 0xFF, 0x00, 0xFF, 0x00, 0xFF, 0x00, 0xFF,
    0xFF, 0xFF, 0xFF, 0xFF, 0xFF, 0x00, 0x00, 0x00, 0x00, 0xFF, 0x00, 0xFF, 0x00, 0xFF, 0xFF, 0x00,
    0xFF, 0x00, 0xFF, 0x00, 0xFF, 0xFF, 0xFF, 0xFF, 0xFF, 0xFF, 0x00, 0x00, 0x00, 0x00, 0xFF, 0x00,
    0xFF, 0x00, 0xFF, 0xFF, 0x00, 0xFF, 0x00, 0xFF, 0x00, 0xFF, 0xFF, 0xFF, 0xFF, 0xFF, 0xFF, 0x00,
    0x00, 0x00, 0x00, 0xFF, 0x00, 0xFF, 0x00, 0xFF, 0xFF, 0x00, 0xFF, 0x00, 0xFF, 0x00, 0xFF, 0xFF,
    0xFF, 0xFF, 0xFF, 0xFF, 0x00, 0x00, 0x00, 0x00, 0xFF, 0x00, 0xFF, 0x00, 0xFF, 0xFF, 0x00, 0xFF,
    0x00, 0xFF, 0x00, 0xFF, 0xFF, 0xFF, 0xFF, 0xFF, 0xFF, 0x00, 0x00, 0x00, 0x00, 0xFF, 0x00, 0xFF,
    0x00, 0xFF, 0xFF, 0x00, 0xFF, 0x00, 0xFF, 0x00, 0xFF, 0xFF, 0xFF, 0xFF, 0xFF, 0xFF, 0x00, 0x00,
    0x00, 0x00, 0xFF, 0x00, 0xFF, 0x00, 0xFF, 0xFF, 0x00, 0xFF, 0x00, 0xFF, 0x00, 0xFF, 0xFF, 0xFF,
    0xFF, 0xFF, 0x3F, 0x00, 0xFF, 0x00, 0x00, 0xFF, 0x00, 0xFF, 0x00, 0xFF, 0xFF, 0x00, 0xFF, 0x00,
    0xFF, 0x00, 0xFF, 0xFF, 0xFF, 0xFF, 0xFF, 0xFF, 0x00, 0x00, 0x00, 0x00, 0xFF, 0x00, 0xFF, 0x00,
    0xFF, 0xFF, 0x00, 0xFF, 0x00, 0xFF, 0x00, 0xFF, 0xFF, 0xFF, 0xFF, 0xFF, 0xFF, 0x00, 0x00, 0x00,
    0x00, 0xFF, 0x00, 0xFF, 0x00, 0xFF, 0xFF, 0x00, 0xFF, 0x00, 0xFF, 0x00, 0xFF, 0xFF, 0xFF, 0xFF,
    0xFF, 0xFF, 0x00, 0x00, 0x00, 0x00, 0xFF, 0x00, 0xFF, 0x00, 0xFF, 0xFF, 0x00, 0xFF, 0x00, 0xFF,
    0x00, 0xFF, 0xFF, 0xFF, 0xFF, 0xFF, 0xFF, 0x00, 0x00, 0x00, 0x00, 0xFF, 0x00, 0xFF, 0x00, 0xFF,
    0xFF, 0x00, 0xFF, 0x00, 0xFF, 0x00, 0xFF, 0xFF, 0xFF, 0xFF, 0xFF, 0xFF, 0x00, 0x00, 0xFF, 0xFF,
    0x00, 0x00, 0xFF, 0x00, 0x00, 0xFF, 0xFF, 0x00
},
/* effect 0xb */
{
    0x06, 0x83, 0xB6, 0x00, 0x00, 0x00, 0x00, 0x00, 0x00, 0x00, 0x00, 0x00, 0x00, 0x00, 0x5A, 0xA5,
    0x03, 0x03, 0x00, 0x00, 0x00, 0x0B, 0x20, 0x02, 0x00, 0x00, 0x00, 0x00, 0x55, 0x55, 0x01, 0x00,
    0x00, 0x00, 0x00, 0x00, 0xFF, 0xFF, 0x00, 0x31, 0x00, 0x34, 0x00, 0x34, 0x07, 0x34, 0x00, 0x34,
    0x00, 0x34, 0x07, 0x34, 0x07, 0x34, 0x07, 0x34, 0x07, 0x34, 0x00, 0x34, 0x07, 0x34, 0x07, 0x34,
    0x07, 0x34, 0x07, 0x34, 0x07, 0x34, 0x07, 0x34, 0x00, 0x34, 0x07, 0x34, 0x07, 0x34, 0x07, 0x34,
    0x07, 0x34, 0x07, 0x44, 0x07, 0x44, 0x07, 0x44, 0x07, 0x44, 0x07, 0x44, 0x07, 0x44, 0x07, 0x44,
    0x04, 0x04, 0x04, 0x04, 0x04, 0x04, 0x04, 0x04, 0x04, 0x04, 0x00, 0x00, 0x00, 0x00, 0x00, 0x00,
    0x00, 0x00, 0x00, 0x00, 0x00, 0x00, 0x00, 0x00, 0x00, 0x00, 0x00, 0x00, 0x00, 0x00, 0x00, 0x00,
    0x00, 0x00, 0x00, 0x00, 0x00, 0x00, 0x00, 0x00, 0x00, 0x5A, 0xA5, 0x03, 0x03, 0x00, 0x00, 0x00,
    0x0B, 0x00, 0x01, 0x00, 0x00, 0x00, 0x00, 0x55, 0x55, 0x01, 0x00, 0x00, 0x00, 0x00, 0x00, 0xFF,
    0xFF, 0x07, 0x44, 0x07, 0x44, 0x07, 0x44, 0x07, 0x44, 0x07, 0x44, 0x07, 0x44, 0x07, 0x44, 0x07,
    0x44, 0x07, 0x44, 0x07, 0x44, 0x07, 0x44, 0x07, 0x44, 0x07, 0x44, 0x07, 0x44, 0x07, 0x44, 0x07,
    0x44, 0x07, 0x44, 0x07, 0x44, 0x07, 0x44, 0x07, 0x44, 0x07, 0x44, 0x07, 0x44, 0x07, 0x44, 0x07,
    0x44, 0x07, 0x44, 0x07, 0x44, 0x07, 0x44, 0x07, 0x44, 0x07, 0x44, 0x04, 0x04, 0x04, 0x04, 0x04,
    0x04, 0x04, 0x04, 0x04, 0x04, 0x00, 0x00, 0x00, 0x00, 0x00, 0x00, 0x00, 0x00, 0x00, 0x00, 0x00,
    0x00, 0x00, 0x00, 0x00, 0x00, 0x00, 0x00, 0x00, 0x00, 0x00, 0x00, 0x00, 0x00, 0x00, 0x00, 0x00,
    0x00, 0x00, 0x00, 0x00, 0x5A, 0xA5, 0x00, 0x00, 0x44, 0x01, 0x00, 0x00, 0x06, 0x00, 0x00, 0x00,
    0x4C, 0x00, 0x00, 0x00, 0x00, 0x00, 0x00, 0x00, 0xDA, 0x3F, 0x06, 0x00, 0x1C, 0xB5, 0xEF, 0xA4,
    0x2A, 0x00, 0x00, 0x00, 0x2A, 0x00, 0x00, 0x00, 0x1C, 0x00, 0xE0, 0xA5, 0xB9, 0x52, 0x0D, 0xA7,
    0xFF, 0xFF, 0x00, 0x00, 0x00, 0x00, 0x1B, 0x00, 0x00, 0x02, 0x00, 0x01, 0x00, 0x00, 0x02, 0x0E,
    0x00, 0x00, 0x00, 0x00, 0x21, 0x09, 0x05, 0x03, 0x01, 0x00, 0x06, 0x00, 0x05, 0x88, 0xB8, 0x00,
    0x00, 0x00, 0x00, 0x00, 0x4C, 0x00, 0x00, 0x00, 0x06, 0x00, 0x00, 0x00, 0x3C, 0x00, 0x00, 0x00,
    0x00, 0x00, 0x00, 0x00, 0xDA, 0x3F, 0x06, 0x00, 0xEB, 0xB9, 0xEF, 0xA4, 0x1C, 0x00, 0x00, 0x00,
    0x1C, 0x00, 0x00, 0x00, 0x1C, 0x00, 0xE0, 0xA5, 0xB9, 0x52, 0x0D, 0xA7, 0xFF, 0xFF, 0x00, 0x00,
    0x00, 0x00, 0x08, 0x00, 0x01, 0x02, 0x00, 0x01, 0x00, 0x00, 0x02, 0x00, 0x00, 0x00, 0x00, 0x03,
    0x3C, 0x00, 0x00, 0x00, 0x06, 0x00, 0x00, 0x00, 0x44, 0x00, 0x00, 0x00, 0x00, 0x00, 0x00, 0x00,
    0xDA, 0x3F, 0x06, 0x00, 0x4D, 0x2E, 0xF0, 0xA4, 0x24, 0x00, 0x00, 0x00, 0x24, 0x00, 0x00, 0x00,
    0x1C, 0x00, 0xE0, 0xE7, 0xAC, 0x52, 0x0D, 0xA7, 0xFF, 0xFF, 0x00, 0x00, 0x00, 0x00, 0x1B, 0x00,
    0x00, 0x02, 0x00, 0x01, 0x00, 0x80, 0x02, 0x08, 0x00, 0x00, 0x00, 0x00, 0xA1, 0x01, 0x06, 0x03,
    0x01, 0x00, 0x08, 0x04, 0x44, 0x00, 0x00, 0x00, 0x06, 0x00, 0x00, 0x00, 0x44, 0x04, 0x00, 0x00,
    0x00, 0x00, 0x00, 0x00, 0xDA, 0x3F, 0x06, 0x00, 0x12, 0x5A, 0xF0, 0xA4, 0x24, 0x04, 0x00, 0x00,
    0x24, 0x04, 0x00, 0x00, 0x1C, 0x00, 0xE0, 0xE7, 0xAC, 0x52, 0x0D, 0xA7, 0xFF, 0xFF, 0x00, 0x00,
    0x00, 0x00, 0x08, 0x00, 0x01, 0x02, 0x00, 0x01, 0x00, 0x80, 0x02, 0x08, 0x04, 0x00, 0x00, 0x03,
    0x06, 0x88, 0x00, 0x00, 0x00, 0x00, 0x00, 0x00, 0xFF, 0x00, 0x00, 0xFF, 0xFF, 0x00, 0x00, 0xFF,
    0x00, 0x00, 0xFF, 0xFF, 0x00, 0x00, 0xFF, 0xFF, 0x00, 0xFF, 0xFF, 0xFF, 0xFF, 0xFF, 0xFF, 0xFF,
    0x00, 0x00, 0xFF, 0x00, 0xFF, 0x00, 0xFF, 0xFF, 0x00, 0xFF, 0x00, 0xFF, 0x00, 0xFF, 0xFF, 0xFF,
    0xFF, 0xFF, 0xFF, 0xFF, 0xFF, 0x00, 0x00, 0xFF, 0x00, 0xFF, 0x00, 0xFF, 0xFF, 0x00, 0xFF, 0x00,
    0xFF, 0x00, 0xFF, 0xFF, 0xFF, 0xFF, 0xFF, 0xFF, 0x00, 0x00, 0x00, 0x00, 0xFF, 0x00, 0xFF, 0x00,
    0xFF, 0xFF, 0x00, 0xFF, 0x00, 0xFF, 0x00, 0xFF, 0xFF, 0xFF, 0xFF, 0xFF, 0xFF, 0x00, 0x00, 0x00,
    0x00, 0xFF, 0x00, 0xFF, 0x00, 0xFF, 0xFF, 0x00, 0xFF, 0x00, 0xFF, 0x00, 0xFF, 0xFF, 0xFF, 0xFF,
    0xFF, 0xFF, 0xFF, 0xFF, 0x00, 0x00, 0xFF, 0x00, 0xFF, 0x00, 0xFF, 0xFF, 0x00, 0xFF, 0x00, 0xFF,
    0x00, 0xFF, 0xFF, 0xFF, 0xFF, 0xFF, 0xFF, 0xFF, 0xFF, 0x00, 0x00, 0xFF, 0x00, 0xFF, 0x00, 0xFF,
    0xFF, 0x00, 0xFF, 0x00, 0xFF, 0x00, 0xFF, 0xFF, 0xFF, 0xFF, 0xFF, 0xFF, 0x00, 0x00, 0x00, 0x00,
    0xFF, 0x00, 0xFF, 0x00, 0xFF, 0xFF, 0x00, 0xFF, 0x00, 0xFF, 0x00, 0xFF, 0xFF, 0xFF, 0xFF, 0xFF,
    0xFF, 0x00, 0x00, 0x00, 0x00, 0xFF, 0x00, 0xFF, 0x00, 0xFF, 0xFF, 0x00, 0xFF, 0x00, 0xFF, 0x00,
    0xFF, 0xFF, 0xFF, 0xFF, 0xFF, 0xFF, 0x00, 0x00, 0x00, 0x00, 0xFF, 0x00, 0xFF, 0x00, 0xFF, 0xFF,
    0x00, 0xFF, 0x00, 0xFF, 0x00, 0xFF, 0xFF, 0xFF, 0xFF, 0xFF, 0xFF, 0x00, 0x00, 0x00, 0x00, 0xFF,
    0x00, 0xFF, 0x00, 0xFF, 0xFF, 0x00, 0xFF, 0x00, 0xFF, 0x00, 0xFF, 0xFF, 0xFF, 0xFF, 0xFF, 0xFE,
    0x00, 0x00, 0x00, 0x00, 0xFF, 0x00, 0xFF, 0x00, 0xFF, 0xFF, 0x00, 0xFF, 0x00, 0xFF, 0x00, 0xFF,
    0xFF, 0xFF, 0xFF, 0xFF, 0xFF, 0x00, 0x00, 0x00, 0x00, 0xFF, 0x00, 0xFF, 0x00, 0xFF, 0xFF, 0x00,
    0xFF, 0x00, 0xFF, 0x00, 0xFF, 0xFF, 0xFF, 0xFF, 0xFF, 0xFF, 0x00, 0x00, 0x00, 0x00, 0xFF, 0x00,
    0xFF, 0x00, 0xFF, 0xFF, 0x00, 0xFF, 0x00, 0xFF, 0x00, 0xFF, 0xFF, 0xFF, 0xFF, 0xFF, 0xFF, 0x00,
    0x00, 0x00, 0x00, 0xFF, 0x00, 0xFF, 0x00, 0xFF, 0xFF, 0x00, 0xFF, 0x00, 0xFF, 0x00, 0xFF, 0xFF,
    0xFF, 0xFF, 0xFF, 0xFF, 0x00, 0x00, 0x00, 0x00, 0xFF, 0x00, 0xFF, 0x00, 0xFF, 0xFF, 0x00, 0xFF,
    0x00, 0xFF, 0x00, 0xFF, 0xFF, 0xFF, 0xFF, 0xFF, 0xFF, 0x00, 0x00, 0x00, 0x00, 0xFF, 0x00, 0xFF,
    0x00, 0xFF, 0xFF, 0x00, 0xFF, 0x00, 0xFF, 0x00, 0xFF, 0xFF, 0xFF, 0xFF, 0xFF, 0xFF, 0x00, 0x00,
    0x00, 0x00, 0xFF, 0x00, 0xFF, 0x00, 0xFF, 0xFF, 0x00, 0xFF, 0x00, 0xFF, 0x00, 0xFF, 0xFF, 0xFF,
    0xFF, 0xFF, 0x3F, 0x00, 0xFF, 0x00, 0x00, 0xFF, 0x00, 0xFF, 0x00, 0xFF, 0xFF, 0x00, 0xFF, 0x00,
    0xFF, 0x00, 0xFF, 0xFF, 0xFF, 0xFF, 0xFF, 0xFF, 0x00, 0x00, 0x00, 0x00, 0xFF, 0x00, 0xFF, 0x00,
    0xFF, 0xFF, 0x00, 0xFF, 0x00, 0xFF, 0x00, 0xFF, 0xFF, 0xFF, 0xFF, 0xFF, 0xFF, 0x00, 0x00, 0x00,
    0x00, 0xFF, 0x00, 0xFF, 0x00, 0xFF, 0xFF, 0x00, 0xFF, 0x00, 0xFF, 0x00, 0xFF, 0xFF, 0xFF, 0xFF,
    0xFF, 0xFF, 0x00, 0x00, 0x00, 0x00, 0xFF, 0x00, 0xFF, 0x00, 0xFF, 0xFF, 0x00, 0xFF, 0x00, 0xFF,
    0x00, 0xFF, 0xFF, 0xFF, 0xFF, 0xFF, 0xFF, 0x00, 0x00, 0x00, 0x00, 0xFF, 0x00, 0xFF, 0x00, 0xFF,
    0xFF, 0x00, 0xFF, 0x00, 0xFF, 0x00, 0xFF, 0xFF, 0xFF, 0xFF, 0xFF, 0xFF, 0x00, 0x00, 0xFF, 0xFF,
    0x00, 0x00, 0xFF, 0x00, 0x00, 0xFF, 0xFF, 0x00
},
/* effect 0xc */
{
    0x06, 0x83, 0xB6, 0x00, 0x00, 0x00, 0x00, 0x00, 0x00, 0x00, 0x00, 0x00, 0x00, 0x00, 0x5A, 0xA5,
    0x03, 0x03, 0x00, 0x00, 0x00, 0x0C, 0x20, 0x02, 0x00, 0x00, 0x00, 0x00, 0x55, 0x55, 0x01, 0x00,
    0x00, 0x00, 0x00, 0x00, 0xFF, 0xFF, 0x00, 0x31, 0x00, 0x34, 0x00, 0x34, 0x07, 0x34, 0x00, 0x34,
    0x00, 0x34, 0x07, 0x34, 0x07, 0x34, 0x07, 0x34, 0x07, 0x34, 0x00, 0x34, 0x07, 0x34, 0x07, 0x34,
    0x07, 0x34, 0x07, 0x34, 0x07, 0x34, 0x07, 0x34, 0x00, 0x34, 0x07, 0x34, 0x07, 0x34, 0x07, 0x34,
    0x07, 0x34, 0x07, 0x44, 0x07, 0x44, 0x07, 0x44, 0x07, 0x44, 0x07, 0x44, 0x07, 0x44, 0x07, 0x44,
    0x04, 0x04, 0x04, 0x04, 0x04, 0x04, 0x04, 0x04, 0x04, 0x04, 0x00, 0x00, 0x00, 0x00, 0x00, 0x00,
    0x00, 0x00, 0x00, 0x00, 0x00, 0x00, 0x00, 0x00, 0x00, 0x00, 0x00, 0x00, 0x00, 0x00, 0x00, 0x00,
    0x00, 0x00, 0x00, 0x00, 0x00, 0x00, 0x00, 0x00, 0x00, 0x5A, 0xA5, 0x03, 0x03, 0x00, 0x00, 0x00,
    0x0B, 0x00, 0x01, 0x00, 0x00, 0x00, 0x00, 0x55, 0x55, 0x01, 0x00, 0x00, 0x00, 0x00, 0x00, 0xFF,
    0xFF, 0x07, 0x44, 0x07, 0x44, 0x07, 0x44, 0x07, 0x44, 0x07, 0x44, 0x07, 0x44, 0x07, 0x44, 0x07,
    0x44, 0x07, 0x44, 0x07, 0x44, 0x07, 0x44, 0x07, 0x44, 0x07, 0x44, 0x07, 0x44, 0x07, 0x44, 0x07,
    0x44, 0x07, 0x44, 0x07, 0x44, 0x07, 0x44, 0x07, 0x44, 0x07, 0x44, 0x07, 0x44, 0x07, 0x44, 0x07,
    0x44, 0x07, 0x44, 0x07, 0x44, 0x07, 0x44, 0x07, 0x44, 0x07, 0x44, 0x04, 0x04, 0x04, 0x04, 0x04,
    0x04, 0x04, 0x04, 0x04, 0x04, 0x00, 0x00, 0x00, 0x00, 0x00, 0x00, 0x00, 0x00, 0x00, 0x00, 0x00,
    0x00, 0x00, 0x00, 0x00, 0x00, 0x00, 0x00, 0x00, 0x00, 0x00, 0x00, 0x00, 0x00, 0x00, 0x00, 0x00,
    0x00, 0x00, 0x00, 0x00, 0x5A, 0xA5, 0x00, 0x00, 0x44, 0x01, 0x00, 0x00, 0x06, 0x00, 0x00, 0x00,
    0x4C, 0x00, 0x00, 0x00, 0x00, 0x00, 0x00, 0x00, 0xDA, 0x3F, 0x06, 0x00, 0xE7, 0x74, 0xC6, 0xA5,
    0x2A, 0x00, 0x00, 0x00, 0x2A, 0x00, 0x00, 0x00, 0x1C, 0x00, 0x10, 0xB0, 0xEF, 0x5C, 0x0D, 0xA7,
    0xFF, 0xFF, 0x00, 0x00, 0x00, 0x00, 0x1B, 0x00, 0x00, 0x02, 0x00, 0x01, 0x00, 0x00, 0x02, 0x0E,
    0x00, 0x00, 0x00, 0x00, 0x21, 0x09, 0x05, 0x03, 0x01, 0x00, 0x06, 0x00, 0x05, 0x88, 0xB8, 0x00,
    0x00, 0x00, 0x00, 0x00, 0x4C, 0x00, 0x00, 0x00, 0x06, 0x00, 0x00, 0x00, 0x3C, 0x00, 0x00, 0x00,
    0x00, 0x00, 0x00, 0x00, 0xDA, 0x3F, 0x06, 0x00, 0x81, 0x7A, 0xC6, 0xA5, 0x1C, 0x00, 0x00, 0x00,
    0x1C, 0x00, 0x00, 0x00, 0x1C, 0x00, 0x10, 0xB0, 0xEF, 0x5C, 0x0D, 0xA7, 0xFF, 0xFF, 0x00, 0x00,
    0x00, 0x00, 0x08, 0x00, 0x01, 0x02, 0x00, 0x01, 0x00, 0x00, 0x02, 0x00, 0x00, 0x00, 0x00, 0x03,
    0x3C, 0x00, 0x00, 0x00, 0x06, 0x00, 0x00, 0x00, 0x44, 0x00, 0x00, 0x00, 0x00, 0x00, 0x00, 0x00,
    0xDA, 0x3F, 0x06, 0x00, 0x20, 0xEE, 0xC6, 0xA5, 0x24, 0x00, 0x00, 0x00, 0x24, 0x00, 0x00, 0x00,
    0x1C, 0x00, 0x10, 0x40, 0xB4, 0x52, 0x0D, 0xA7, 0xFF, 0xFF, 0x00, 0x00, 0x00, 0x00, 0x1B, 0x00,
    0x00, 0x02, 0x00, 0x01, 0x00, 0x80, 0x02, 0x08, 0x00, 0x00, 0x00, 0x00, 0xA1, 0x01, 0x06, 0x03,
    0x01, 0x00, 0x08, 0x04, 0x44, 0x00, 0x00, 0x00, 0x06, 0x00, 0x00, 0x00, 0x44, 0x04, 0x00, 0x00,
    0x00, 0x00, 0x00, 0x00, 0xDA, 0x3F, 0x06, 0x00, 0xA9, 0x1A, 0xC7, 0xA5, 0x24, 0x04, 0x00, 0x00,
    0x24, 0x04, 0x00, 0x00, 0x1C, 0x00, 0x10, 0x40, 0xB4, 0x52, 0x0D, 0xA7, 0xFF, 0xFF, 0x00, 0x00,
    0x00, 0x00, 0x08, 0x00, 0x01, 0x02, 0x00, 0x01, 0x00, 0x80, 0x02, 0x08, 0x04, 0x00, 0x00, 0x03,
    0x06, 0x88, 0x00, 0x00, 0x00, 0x00, 0x00, 0x00, 0xFF, 0x00, 0x00, 0xFF, 0xFF, 0x00, 0x00, 0xFF,
    0x00, 0x00, 0xFF, 0xFF, 0x00, 0x00, 0xFF, 0xFF, 0x00, 0xFF, 0xFF, 0xFF, 0xFF, 0xFF, 0xFF, 0xFF,
    0x00, 0x00, 0xFF, 0x00, 0xFF, 0x00, 0xFF, 0xFF, 0x00, 0xFF, 0x00, 0xFF, 0x00, 0xFF, 0xFF, 0xFF,
    0xFF, 0xFF, 0xFF, 0xFF, 0xFF, 0x00, 0x00, 0xFF, 0x00, 0xFF, 0x00, 0xFF, 0xFF, 0x00, 0xFF, 0x00,
    0xFF, 0x00, 0xFF, 0xFF, 0xFF, 0xFF, 0xFF, 0xFF, 0x00, 0x00, 0x00, 0x00, 0xFF, 0x00, 0xFF, 0x00,
    0xFF, 0xFF, 0x00, 0xFF, 0x00, 0xFF, 0x00, 0xFF, 0xFF, 0xFF, 0xFF, 0xFF, 0xFF, 0x00, 0x00, 0x00,
    0x00, 0xFF, 0x00, 0xFF, 0x00, 0xFF, 0xFF, 0x00, 0xFF, 0x00, 0xFF, 0x00, 0xFF, 0xFF, 0xFF, 0xFF,
    0xFF, 0xFF, 0xFF, 0xFF, 0x00, 0x00, 0xFF, 0x00, 0xFF, 0x00, 0xFF, 0xFF, 0x00, 0xFF, 0x00, 0xFF,
    0x00, 0xFF, 0xFF, 0xFF, 0xFF, 0xFF, 0xFF, 0xFF, 0xFF, 0x00, 0x00, 0xFF, 0x00, 0xFF, 0x00, 0xFF,
    0xFF, 0x00, 0xFF, 0x00, 0xFF, 0x00, 0xFF, 0xFF, 0xFF, 0xFF, 0xFF, 0xFF, 0x00, 0x00, 0x00, 0x00,
    0xFF, 0x00, 0xFF, 0x00, 0xFF, 0xFF, 0x00, 0xFF, 0x00, 0xFF, 0x00, 0xFF, 0xFF, 0xFF, 0xFF, 0xFF,
    0xFF, 0x00, 0x00, 0x00, 0x00, 0xFF, 0x00, 0xFF, 0x00, 0xFF, 0xFF, 0x00, 0xFF, 0x00, 0xFF, 0x00,
    0xFF, 0xFF, 0xFF, 0xFF, 0xFF, 0xFF, 0x00, 0x00, 0x00, 0x00, 0xFF, 0x00, 0xFF, 0x00, 0xFF, 0xFF,
    0x00, 0xFF, 0x00, 0xFF, 0x00, 0xFF, 0xFF, 0xFF, 0xFF, 0xFF, 0xFF, 0x00, 0x00, 0x00, 0x00, 0xFF,
    0x00, 0xFF, 0x00, 0xFF, 0xFF, 0x00, 0xFF, 0x00, 0xFF, 0x00, 0xFF, 0xFF, 0xFF, 0xFF, 0xFF, 0xFE,
    0x00, 0x00, 0x00, 0x00, 0xFF, 0x00, 0xFF, 0x00, 0xFF, 0xFF, 0x00, 0xFF, 0x00, 0xFF, 0x00, 0xFF,
    0xFF, 0xFF, 0xFF, 0xFF, 0xFF, 0x00, 0x00, 0x00, 0x00, 0xFF, 0x00, 0xFF, 0x00, 0xFF, 0xFF, 0x00,
    0xFF, 0x00, 0xFF, 0x00, 0xFF, 0xFF, 0xFF, 0xFF, 0xFF, 0xFF, 0x00, 0x00, 0x00, 0x00, 0xFF, 0x00,
    0xFF, 0x00, 0xFF, 0xFF, 0x00, 0xFF, 0x00, 0xFF, 0x00, 0xFF, 0xFF, 0xFF, 0xFF, 0xFF, 0xFF, 0x00,
    0x00, 0x00, 0x00, 0xFF, 0x00, 0xFF, 0x00, 0xFF, 0xFF, 0x00, 0xFF, 0x00, 0xFF, 0x00, 0xFF, 0xFF,
    0xFF, 0xFF, 0xFF, 0xFF, 0x00, 0x00, 0x00, 0x00, 0xFF, 0x00, 0xFF, 0x00, 0xFF, 0xFF, 0x00, 0xFF,
    0x00, 0xFF, 0x00, 0xFF, 0xFF, 0xFF, 0xFF, 0xFF, 0xFF, 0x00, 0x00, 0x00, 0x00, 0xFF, 0x00, 0xFF,
    0x00, 0xFF, 0xFF, 0x00, 0xFF, 0x00, 0xFF, 0x00, 0xFF, 0xFF, 0xFF, 0xFF, 0xFF, 0xFF, 0x00, 0x00,
    0x00, 0x00, 0xFF, 0x00, 0xFF, 0x00, 0xFF, 0xFF, 0x00, 0xFF, 0x00, 0xFF, 0x00, 0xFF, 0xFF, 0xFF,
    0xFF, 0xFF, 0x3F, 0x00, 0xFF, 0x00, 0x00, 0xFF, 0x00, 0xFF, 0x00, 0xFF, 0xFF, 0x00, 0xFF, 0x00,
    0xFF, 0x00, 0xFF, 0xFF, 0xFF, 0xFF, 0xFF, 0xFF, 0x00, 0x00, 0x00, 0x00, 0xFF, 0x00, 0xFF, 0x00,
    0xFF, 0xFF, 0x00, 0xFF, 0x00, 0xFF, 0x00, 0xFF, 0xFF, 0xFF, 0xFF, 0xFF, 0xFF, 0x00, 0x00, 0x00,
    0x00, 0xFF, 0x00, 0xFF, 0x00, 0xFF, 0xFF, 0x00, 0xFF, 0x00, 0xFF, 0x00, 0xFF, 0xFF, 0xFF, 0xFF,
    0xFF, 0xFF, 0x00, 0x00, 0x00, 0x00, 0xFF, 0x00, 0xFF, 0x00, 0xFF, 0xFF, 0x00, 0xFF, 0x00, 0xFF,
    0x00, 0xFF, 0xFF, 0xFF, 0xFF, 0xFF, 0xFF, 0x00, 0x00, 0x00, 0x00, 0xFF, 0x00, 0xFF, 0x00, 0xFF,
    0xFF, 0x00, 0xFF, 0x00, 0xFF, 0x00, 0xFF, 0xFF, 0xFF, 0xFF, 0xFF, 0xFF, 0x00, 0x00, 0xFF, 0xFF,
    0x00, 0x00, 0xFF, 0x00, 0x00, 0xFF, 0xFF, 0x00
},
/* effect 0xd */
{
    0x06, 0x83, 0xB6, 0x00, 0x00, 0x00, 0x00, 0x00, 0x00, 0x00, 0x00, 0x00, 0x00, 0x00, 0x5A, 0xA5,
    0x03, 0x03, 0x00, 0x00, 0x00, 0x0D, 0x20, 0x02, 0x00, 0x00, 0x00, 0x00, 0x55, 0x55, 0x01, 0x00,
    0x00, 0x00, 0x00, 0x00, 0xFF, 0xFF, 0x00, 0x31, 0x00, 0x34, 0x00, 0x34, 0x07, 0x34, 0x00, 0x34,
    0x00, 0x34, 0x07, 0x34, 0x07, 0x34, 0x07, 0x34, 0x07, 0x34, 0x00, 0x34, 0x07, 0x34, 0x07, 0x34,
    0x07, 0x34, 0x07, 0x34, 0x07, 0x34, 0x07, 0x34, 0x00, 0x34, 0x07, 0x34, 0x07, 0x34, 0x07, 0x34,
    0x07, 0x34, 0x07, 0x44, 0x07, 0x44, 0x07, 0x44, 0x07, 0x44, 0x07, 0x44, 0x07, 0x44, 0x07, 0x44,
    0x04, 0x04, 0x04, 0x04, 0x04, 0x04, 0x04, 0x04, 0x04, 0x04, 0x00, 0x00, 0x00, 0x00, 0x00, 0x00,
    0x00, 0x00, 0x00, 0x00, 0x00, 0x00, 0x00, 0x00, 0x00, 0x00, 0x00, 0x00, 0x00, 0x00, 0x00, 0x00,
    0x00, 0x00, 0x00, 0x00, 0x00, 0x00, 0x00, 0x00, 0x00, 0x5A, 0xA5, 0x03, 0x03, 0x00, 0x00, 0x00,
    0x0B, 0x00, 0x01, 0x00, 0x00, 0x00, 0x00, 0x55, 0x55, 0x01, 0x00, 0x00, 0x00, 0x00, 0x00, 0xFF,
    0xFF, 0x07, 0x44, 0x07, 0x44, 0x07, 0x44, 0x07, 0x44, 0x07, 0x44, 0x07, 0x44, 0x07, 0x44, 0x07,
    0x44, 0x07, 0x44, 0x07, 0x44, 0x07, 0x44, 0x07, 0x44, 0x07, 0x44, 0x07, 0x44, 0x07, 0x44, 0x07,
    0x44, 0x07, 0x44, 0x07, 0x44, 0x07, 0x44, 0x07, 0x44, 0x07, 0x44, 0x07, 0x44, 0x07, 0x44, 0x07,
    0x44, 0x07, 0x44, 0x07, 0x44, 0x07, 0x44, 0x07, 0x44, 0x07, 0x44, 0x04, 0x04, 0x04, 0x04, 0x04,
    0x04, 0x04, 0x04, 0x04, 0x04, 0x00, 0x00, 0x00, 0x00, 0x00, 0x00, 0x00, 0x00, 0x00, 0x00, 0x00,
    0x00, 0x00, 0x00, 0x00, 0x00, 0x00, 0x00, 0x00, 0x00, 0x00, 0x00, 0x00, 0x00, 0x00, 0x00, 0x00,
    0x00, 0x00, 0x00, 0x00, 0x5A, 0xA5, 0x00, 0x00, 0x44, 0x01, 0x00, 0x00, 0x06, 0x00, 0x00, 0x00,
    0x4C, 0x00, 0x00, 0x00, 0x00, 0x00, 0x00, 0x00, 0xDA, 0x3F, 0x06, 0x00, 0xD6, 0xD6, 0xC6, 0xA6,
    0x2A, 0x00, 0x00, 0x00, 0x2A, 0x00, 0x00, 0x00, 0x1C, 0x00, 0xA0, 0x06, 0xCA, 0x52, 0x0D, 0xA7,
    0xFF, 0xFF, 0x00, 0x00, 0x00, 0x00, 0x1B, 0x00, 0x00, 0x02, 0x00, 0x01, 0x00, 0x00, 0x02, 0x0E,
    0x00, 0x00, 0x00, 0x00, 0x21, 0x09, 0x05, 0x03, 0x01, 0x00, 0x06, 0x00, 0x05, 0x88, 0xB8, 0x00,
    0x00, 0x00, 0x00, 0x00, 0x4C, 0x00, 0x00, 0x00, 0x06, 0x00, 0x00, 0x00, 0x3C, 0x00, 0x00, 0x00,
    0x00, 0x00, 0x00, 0x00, 0xDA, 0x3F, 0x06, 0x00, 0x41, 0xDF, 0xC6, 0xA6, 0x1C, 0x00, 0x00, 0x00,
    0x1C, 0x00, 0x00, 0x00, 0x1C, 0x00, 0xA0, 0x06, 0xCA, 0x52, 0x0D, 0xA7, 0xFF, 0xFF, 0x00, 0x00,
    0x00, 0x00, 0x08, 0x00, 0x01, 0x02, 0x00, 0x01, 0x00, 0x00, 0x02, 0x00, 0x00, 0x00, 0x00, 0x03,
    0x3C, 0x00, 0x00, 0x00, 0x06, 0x00, 0x00, 0x00, 0x44, 0x00, 0x00, 0x00, 0x00, 0x00, 0x00, 0x00,
    0xDA, 0x3F, 0x06, 0x00, 0xF4, 0x53, 0xC7, 0xA6, 0x24, 0x00, 0x00, 0x00, 0x24, 0x00, 0x00, 0x00,
    0x1C, 0x00, 0x60, 0x16, 0xB9, 0x52, 0x0D, 0xA7, 0xFF, 0xFF, 0x00, 0x00, 0x00, 0x00, 0x1B, 0x00,
    0x00, 0x02, 0x00, 0x01, 0x00, 0x80, 0x02, 0x08, 0x00, 0x00, 0x00, 0x00, 0xA1, 0x01, 0x06, 0x03,
    0x01, 0x00, 0x08, 0x04, 0x44, 0x00, 0x00, 0x00, 0x06, 0x00, 0x00, 0x00, 0x44, 0x04, 0x00, 0x00,
    0x00, 0x00, 0x00, 0x00, 0xDA, 0x3F, 0x06, 0x00, 0x51, 0x83, 0xC7, 0xA6, 0x24, 0x04, 0x00, 0x00,
    0x24, 0x04, 0x00, 0x00, 0x1C, 0x00, 0x60, 0x16, 0xB9, 0x52, 0x0D, 0xA7, 0xFF, 0xFF, 0x00, 0x00,
    0x00, 0x00, 0x08, 0x00, 0x01, 0x02, 0x00, 0x01, 0x00, 0x80, 0x02, 0x08, 0x04, 0x00, 0x00, 0x03,
    0x06, 0x88, 0x00, 0x00, 0x00, 0x00, 0x00, 0x00, 0xFF, 0x00, 0x00, 0xFF, 0xFF, 0x00, 0x00, 0xFF,
    0x00, 0x00, 0xFF, 0xFF, 0x00, 0x00, 0xFF, 0xFF, 0x00, 0xFF, 0xFF, 0xFF, 0xFF, 0xFF, 0xFF, 0xFF,
    0x00, 0x00, 0xFF, 0x00, 0xFF, 0x00, 0xFF, 0xFF, 0x00, 0xFF, 0x00, 0xFF, 0x00, 0xFF, 0xFF, 0xFF,
    0xFF, 0xFF, 0xFF, 0xFF, 0xFF, 0x00, 0x00, 0xFF, 0x00, 0xFF, 0x00, 0xFF, 0xFF, 0x00, 0xFF, 0x00,
    0xFF, 0x00, 0xFF, 0xFF, 0xFF, 0xFF, 0xFF, 0xFF, 0x00, 0x00, 0x00, 0x00, 0xFF, 0x00, 0xFF, 0x00,
    0xFF, 0xFF, 0x00, 0xFF, 0x00, 0xFF, 0x00, 0xFF, 0xFF, 0xFF, 0xFF, 0xFF, 0xFF, 0x00, 0x00, 0x00,
    0x00, 0xFF, 0x00, 0xFF, 0x00, 0xFF, 0xFF, 0x00, 0xFF, 0x00, 0xFF, 0x00, 0xFF, 0xFF, 0xFF, 0xFF,
    0xFF, 0xFF, 0xFF, 0xFF, 0x00, 0x00, 0xFF, 0x00, 0xFF, 0x00, 0xFF, 0xFF, 0x00, 0xFF, 0x00, 0xFF,
    0x00, 0xFF, 0xFF, 0xFF, 0xFF, 0xFF, 0xFF, 0xFF, 0xFF, 0x00, 0x00, 0xFF, 0x00, 0xFF, 0x00, 0xFF,
    0xFF, 0x00, 0xFF, 0x00, 0xFF, 0x00, 0xFF, 0xFF, 0xFF, 0xFF, 0xFF, 0xFF, 0x00, 0x00, 0x00, 0x00,
    0xFF, 0x00, 0xFF, 0x00, 0xFF, 0xFF, 0x00, 0xFF, 0x00, 0xFF, 0x00, 0xFF, 0xFF, 0xFF, 0xFF, 0xFF,
    0xFF, 0x00, 0x00, 0x00, 0x00, 0xFF, 0x00, 0xFF, 0x00, 0xFF, 0xFF, 0x00, 0xFF, 0x00, 0xFF, 0x00,
    0xFF, 0xFF, 0xFF, 0xFF, 0xFF, 0xFF, 0x00, 0x00, 0x00, 0x00, 0xFF, 0x00, 0xFF, 0x00, 0xFF, 0xFF,
    0x00, 0xFF, 0x00, 0xFF, 0x00, 0xFF, 0xFF, 0xFF, 0xFF, 0xFF, 0xFF, 0x00, 0x00, 0x00, 0x00, 0xFF,
    0x00, 0xFF, 0x00, 0xFF, 0xFF, 0x00, 0xFF, 0x00, 0xFF, 0x00, 0xFF, 0xFF, 0xFF, 0xFF, 0xFF, 0xFE,
    0x00, 0x00, 0x00, 0x00, 0xFF, 0x00, 0xFF, 0x00, 0xFF, 0xFF, 0x00, 0xFF, 0x00, 0xFF, 0x00, 0xFF,
    0xFF, 0xFF, 0xFF, 0xFF, 0xFF, 0x00, 0x00, 0x00, 0x00, 0xFF, 0x00, 0xFF, 0x00, 0xFF, 0xFF, 0x00,
    0xFF, 0x00, 0xFF, 0x00, 0xFF, 0xFF, 0xFF, 0xFF, 0xFF, 0xFF, 0x00, 0x00, 0x00, 0x00, 0xFF, 0x00,
    0xFF, 0x00, 0xFF, 0xFF, 0x00, 0xFF, 0x00, 0xFF, 0x00, 0xFF, 0xFF, 0xFF, 0xFF, 0xFF, 0xFF, 0x00,
    0x00, 0x00, 0x00, 0xFF, 0x00, 0xFF, 0x00, 0xFF, 0xFF, 0x00, 0xFF, 0x00, 0xFF, 0x00, 0xFF, 0xFF,
    0xFF, 0xFF, 0xFF, 0xFF, 0x00, 0x00, 0x00, 0x00, 0xFF, 0x00, 0xFF, 0x00, 0xFF, 0xFF, 0x00, 0xFF,
    0x00, 0xFF, 0x00, 0xFF, 0xFF, 0xFF, 0xFF, 0xFF, 0xFF, 0x00, 0x00, 0x00, 0x00, 0xFF, 0x00, 0xFF,
    0x00, 0xFF, 0xFF, 0x00, 0xFF, 0x00, 0xFF, 0x00, 0xFF, 0xFF, 0xFF, 0xFF, 0xFF, 0xFF, 0x00, 0x00,
    0x00, 0x00, 0xFF, 0x00, 0xFF, 0x00, 0xFF, 0xFF, 0x00, 0xFF, 0x00, 0xFF, 0x00, 0xFF, 0xFF, 0xFF,
    0xFF, 0xFF, 0x3F, 0x00, 0xFF, 0x00, 0x00, 0xFF, 0x00, 0xFF, 0x00, 0xFF, 0xFF, 0x00, 0xFF, 0x00,
    0xFF, 0x00, 0xFF, 0xFF, 0xFF, 0xFF, 0xFF, 0xFF, 0x00, 0x00, 0x00, 0x00, 0xFF, 0x00, 0xFF, 0x00,
    0xFF, 0xFF, 0x00, 0xFF, 0x00, 0xFF, 0x00, 0xFF, 0xFF, 0xFF, 0xFF, 0xFF, 0xFF, 0x00, 0x00, 0x00,
    0x00, 0xFF, 0x00, 0xFF, 0x00, 0xFF, 0xFF, 0x00, 0xFF, 0x00, 0xFF, 0x00, 0xFF, 0xFF, 0xFF, 0xFF,
    0xFF, 0xFF, 0x00, 0x00, 0x00, 0x00, 0xFF, 0x00, 0xFF, 0x00, 0xFF, 0xFF, 0x00, 0xFF, 0x00, 0xFF,
    0x00, 0xFF, 0xFF, 0xFF, 0xFF, 0xFF, 0xFF, 0x00, 0x00, 0x00, 0x00, 0xFF, 0x00, 0xFF, 0x00, 0xFF,
    0xFF, 0x00, 0xFF, 0x00, 0xFF, 0x00, 0xFF, 0xFF, 0xFF, 0xFF, 0xFF, 0xFF, 0x00, 0x00, 0xFF, 0xFF,
    0x00, 0x00, 0xFF, 0x00, 0x00, 0xFF, 0xFF, 0x00
},
/* effect 0xe */
{
    0x06, 0x83, 0xB6, 0x00, 0x00, 0x00, 0x00, 0x00, 0x00, 0x00, 0x00, 0x00, 0x00, 0x00, 0x5A, 0xA5,
    0x03, 0x03, 0x00, 0x00, 0x00, 0x0E, 0x20, 0x02, 0x00, 0x00, 0x00, 0x00, 0x55, 0x55, 0x01, 0x00,
    0x00, 0x00, 0x00, 0x00, 0xFF, 0xFF, 0x00, 0x31, 0x00, 0x34, 0x00, 0x34, 0x07, 0x34, 0x00, 0x34,
    0x00, 0x34, 0x07, 0x34, 0x07, 0x34, 0x07, 0x34, 0x07, 0x34, 0x00, 0x34, 0x07, 0x34, 0x07, 0x34,
    0x07, 0x34, 0x07, 0x34, 0x07, 0x34, 0x07, 0x34, 0x00, 0x34, 0x07, 0x34, 0x07, 0x34, 0x07, 0x34,
    0x07, 0x34, 0x07, 0x44, 0x07, 0x44, 0x07, 0x44, 0x07, 0x44, 0x07, 0x44, 0x07, 0x44, 0x07, 0x44,
    0x04, 0x04, 0x04, 0x04, 0x04, 0x04, 0x04, 0x04, 0x04, 0x04, 0x00, 0x00, 0x00, 0x00, 0x00, 0x00,
    0x00, 0x00, 0x00, 0x00, 0x00, 0x00, 0x00, 0x00, 0x00, 0x00, 0x00, 0x00, 0x00, 0x00, 0x00, 0x00,
    0x00, 0x00, 0x00, 0x00, 0x00, 0x00, 0x00, 0x00, 0x00, 0x5A, 0xA5, 0x03, 0x03, 0x00, 0x00, 0x00,
    0x0B, 0x00, 0x01, 0x00, 0x00, 0x00, 0x00, 0x55, 0x55, 0x01, 0x00, 0x00, 0x00, 0x00, 0x00, 0xFF,
    0xFF, 0x07, 0x44, 0x07, 0x44, 0x07, 0x44, 0x07, 0x44, 0x07, 0x44, 0x07, 0x44, 0x07, 0x44, 0x07,
    0x44, 0x07, 0x44, 0x07, 0x44, 0x07, 0x44, 0x07, 0x44, 0x07, 0x44, 0x07, 0x44, 0x07, 0x44, 0x07,
    0x44, 0x07, 0x44, 0x07, 0x44, 0x07, 0x44, 0x07, 0x44, 0x07, 0x44, 0x07, 0x44, 0x07, 0x44, 0x07,
    0x44, 0x07, 0x44, 0x07, 0x44, 0x07, 0x44, 0x07, 0x44, 0x07, 0x44, 0x04, 0x04, 0x04, 0x04, 0x04,
    0x04, 0x04, 0x04, 0x04, 0x04, 0x00, 0x00, 0x00, 0x00, 0x00, 0x00, 0x00, 0x00, 0x00, 0x00, 0x00,
    0x00, 0x00, 0x00, 0x00, 0x00, 0x00, 0x00, 0x00, 0x00, 0x00, 0x00, 0x00, 0x00, 0x00, 0x00, 0x00,
    0x00, 0x00, 0x00, 0x00, 0x5A, 0xA5, 0x00, 0x00, 0x44, 0x01, 0x00, 0x00, 0x06, 0x00, 0x00, 0x00,
    0x4C, 0x00, 0x00, 0x00, 0x00, 0x00, 0x00, 0x00, 0xDA, 0x3F, 0x06, 0x00, 0xE9, 0x94, 0x1E, 0xA8,
    0x2A, 0x00, 0x00, 0x00, 0x2A, 0x00, 0x00, 0x00, 0x1C, 0x00, 0x50, 0x00, 0xCA, 0x52, 0x0D, 0xA7,
    0xFF, 0xFF, 0x00, 0x00, 0x00, 0x00, 0x1B, 0x00, 0x00, 0x02, 0x00, 0x01, 0x00, 0x00, 0x02, 0x0E,
    0x00, 0x00, 0x00, 0x00, 0x21, 0x09, 0x05, 0x03, 0x01, 0x00, 0x06, 0x00, 0x05, 0x88, 0xB8, 0x00,
    0x00, 0x00, 0x00, 0x00, 0x4C, 0x00, 0x00, 0x00, 0x06, 0x00, 0x00, 0x00, 0x3C, 0x00, 0x00, 0x00,
    0x00, 0x00, 0x00, 0x00, 0xDA, 0x3F, 0x06, 0x00, 0x63, 0x9B, 0x1E, 0xA8, 0x1C, 0x00, 0x00, 0x00,
    0x1C, 0x00, 0x00, 0x00, 0x1C, 0x00, 0x50, 0x00, 0xCA, 0x52, 0x0D, 0xA7, 0xFF, 0xFF, 0x00, 0x00,
    0x00, 0x00, 0x08, 0x00, 0x01, 0x02, 0x00, 0x01, 0x00, 0x00, 0x02, 0x00, 0x00, 0x00, 0x00, 0x03,
    0x3C, 0x00, 0x00, 0x00, 0x06, 0x00, 0x00, 0x00, 0x44, 0x00, 0x00, 0x00, 0x00, 0x00, 0x00, 0x00,
    0xDA, 0x3F, 0x06, 0x00, 0x0A, 0x0E, 0x1F, 0xA8, 0x24, 0x00, 0x00, 0x00, 0x24, 0x00, 0x00, 0x00,
    0x1C, 0x00, 0x50, 0x50, 0xCC, 0x58, 0x0D, 0xA7, 0xFF, 0xFF, 0x00, 0x00, 0x00, 0x00, 0x1B, 0x00,
    0x00, 0x02, 0x00, 0x01, 0x00, 0x80, 0x02, 0x08, 0x00, 0x00, 0x00, 0x00, 0xA1, 0x01, 0x06, 0x03,
    0x01, 0x00, 0x08, 0x04, 0x44, 0x00, 0x00, 0x00, 0x06, 0x00, 0x00, 0x00, 0x44, 0x04, 0x00, 0x00,
    0x00, 0x00, 0x00, 0x00, 0xDA, 0x3F, 0x06, 0x00, 0x8C, 0x3B, 0x1F, 0xA8, 0x24, 0x04, 0x00, 0x00,
    0x24, 0x04, 0x00, 0x00, 0x1C, 0x00, 0x50, 0x50, 0xCC, 0x58, 0x0D, 0xA7, 0xFF, 0xFF, 0x00, 0x00,
    0x00, 0x00, 0x08, 0x00, 0x01, 0x02, 0x00, 0x01, 0x00, 0x80, 0x02, 0x08, 0x04, 0x00, 0x00, 0x03,
    0x06, 0x88, 0x00, 0x00, 0x00, 0x00, 0x00, 0x00, 0xFF, 0x00, 0x00, 0xFF, 0xFF, 0x00, 0x00, 0xFF,
    0x00, 0x00, 0xFF, 0xFF, 0x00, 0x00, 0xFF, 0xFF, 0x00, 0xFF, 0xFF, 0xFF, 0xFF, 0xFF, 0xFF, 0xFF,
    0x00, 0x00, 0xFF, 0x00, 0xFF, 0x00, 0xFF, 0xFF, 0x00, 0xFF, 0x00, 0xFF, 0x00, 0xFF, 0xFF, 0xFF,
    0xFF, 0xFF, 0xFF, 0xFF, 0xFF, 0x00, 0x00, 0xFF, 0x00, 0xFF, 0x00, 0xFF, 0xFF, 0x00, 0xFF, 0x00,
    0xFF, 0x00, 0xFF, 0xFF, 0xFF, 0xFF, 0xFF, 0xFF, 0x00, 0x00, 0x00, 0x00, 0xFF, 0x00, 0xFF, 0x00,
    0xFF, 0xFF, 0x00, 0xFF, 0x00, 0xFF, 0x00, 0xFF, 0xFF, 0xFF, 0xFF, 0xFF, 0xFF, 0x00, 0x00, 0x00,
    0x00, 0xFF, 0x00, 0xFF, 0x00, 0xFF, 0xFF, 0x00, 0xFF, 0x00, 0xFF, 0x00, 0xFF, 0xFF, 0xFF, 0xFF,
    0xFF, 0xFF, 0xFF, 0xFF, 0x00, 0x00, 0xFF, 0x00, 0xFF, 0x00, 0xFF, 0xFF, 0x00, 0xFF, 0x00, 0xFF,
    0x00, 0xFF, 0xFF, 0xFF, 0xFF, 0xFF, 0xFF, 0xFF, 0xFF, 0x00, 0x00, 0xFF, 0x00, 0xFF, 0x00, 0xFF,
    0xFF, 0x00, 0xFF, 0x00, 0xFF, 0x00, 0xFF, 0xFF, 0xFF, 0xFF, 0xFF, 0xFF, 0x00, 0x00, 0x00, 0x00,
    0xFF, 0x00, 0xFF, 0x00, 0xFF, 0xFF, 0x00, 0xFF, 0x00, 0xFF, 0x00, 0xFF, 0xFF, 0xFF, 0xFF, 0xFF,
    0xFF, 0x00, 0x00, 0x00, 0x00, 0xFF, 0x00, 0xFF, 0x00, 0xFF, 0xFF, 0x00, 0xFF, 0x00, 0xFF, 0x00,
    0xFF, 0xFF, 0xFF, 0xFF, 0xFF, 0xFF, 0x00, 0x00, 0x00, 0x00, 0xFF, 0x00, 0xFF, 0x00, 0xFF, 0xFF,
    0x00, 0xFF, 0x00, 0xFF, 0x00, 0xFF, 0xFF, 0xFF, 0xFF, 0xFF, 0xFF, 0x00, 0x00, 0x00, 0x00, 0xFF,
    0x00, 0xFF, 0x00, 0xFF, 0xFF, 0x00, 0xFF, 0x00, 0xFF, 0x00, 0xFF, 0xFF, 0xFF, 0xFF, 0xFF, 0xFE,
    0x00, 0x00, 0x00, 0x00, 0xFF, 0x00, 0xFF, 0x00, 0xFF, 0xFF, 0x00, 0xFF, 0x00, 0xFF, 0x00, 0xFF,
    0xFF, 0xFF, 0xFF, 0xFF, 0xFF, 0x00, 0x00, 0x00, 0x00, 0xFF, 0x00, 0xFF, 0x00, 0xFF, 0xFF, 0x00,
    0xFF, 0x00, 0xFF, 0x00, 0xFF, 0xFF, 0xFF, 0xFF, 0xFF, 0xFF, 0x00, 0x00, 0x00, 0x00, 0xFF, 0x00,
    0xFF, 0x00, 0xFF, 0xFF, 0x00, 0xFF, 0x00, 0xFF, 0x00, 0xFF, 0xFF, 0xFF, 0xFF, 0xFF, 0xFF, 0x00,
    0x00, 0x00, 0x00, 0xFF, 0x00, 0xFF, 0x00, 0xFF, 0xFF, 0x00, 0xFF, 0x00, 0xFF, 0x00, 0xFF, 0xFF,
    0xFF, 0xFF, 0xFF, 0xFF, 0x00, 0x00, 0x00, 0x00, 0xFF, 0x00, 0xFF, 0x00, 0xFF, 0xFF, 0x00, 0xFF,
    0x00, 0xFF, 0x00, 0xFF, 0xFF, 0xFF, 0xFF, 0xFF, 0xFF, 0x00, 0x00, 0x00, 0x00, 0xFF, 0x00, 0xFF,
    0x00, 0xFF, 0xFF, 0x00, 0xFF, 0x00, 0xFF, 0x00, 0xFF, 0xFF, 0xFF, 0xFF, 0xFF, 0xFF, 0x00, 0x00,
    0x00, 0x00, 0xFF, 0x00, 0xFF, 0x00, 0xFF, 0xFF, 0x00, 0xFF, 0x00, 0xFF, 0x00, 0xFF, 0xFF, 0xFF,
    0xFF, 0xFF, 0x3F, 0x00, 0xFF, 0x00, 0x00, 0xFF, 0x00, 0xFF, 0x00, 0xFF, 0xFF, 0x00, 0xFF, 0x00,
    0xFF, 0x00, 0xFF, 0xFF, 0xFF, 0xFF, 0xFF, 0xFF, 0x00, 0x00, 0x00, 0x00, 0xFF, 0x00, 0xFF, 0x00,
    0xFF, 0xFF, 0x00, 0xFF, 0x00, 0xFF, 0x00, 0xFF, 0xFF, 0xFF, 0xFF, 0xFF, 0xFF, 0x00, 0x00, 0x00,
    0x00, 0xFF, 0x00, 0xFF, 0x00, 0xFF, 0xFF, 0x00, 0xFF, 0x00, 0xFF, 0x00, 0xFF, 0xFF, 0xFF, 0xFF,
    0xFF, 0xFF, 0x00, 0x00, 0x00, 0x00, 0xFF, 0x00, 0xFF, 0x00, 0xFF, 0xFF, 0x00, 0xFF, 0x00, 0xFF,
    0x00, 0xFF, 0xFF, 0xFF, 0xFF, 0xFF, 0xFF, 0x00, 0x00, 0x00, 0x00, 0xFF, 0x00, 0xFF, 0x00, 0xFF,
    0xFF, 0x00, 0xFF, 0x00, 0xFF, 0x00, 0xFF, 0xFF, 0xFF, 0xFF, 0xFF, 0xFF, 0x00, 0x00, 0xFF, 0xFF,
    0x00, 0x00, 0xFF, 0x00, 0x00, 0xFF, 0xFF, 0x00
},
/* effect 0xf */
{
    0x06, 0x83, 0xB6, 0x00, 0x00, 0x00, 0x00, 0x00, 0x00, 0x00, 0x00, 0x00, 0x00, 0x00, 0x5A, 0xA5,
    0x03, 0x03, 0x00, 0x00, 0x00, 0x0F, 0x20, 0x02, 0x00, 0x00, 0x00, 0x00, 0x55, 0x55, 0x01, 0x00,
    0x00, 0x00, 0x00, 0x00, 0xFF, 0xFF, 0x00, 0x31, 0x00, 0x34, 0x00, 0x34, 0x07, 0x34, 0x00, 0x34,
    0x00, 0x34, 0x07, 0x34, 0x07, 0x34, 0x07, 0x34, 0x07, 0x34, 0x00, 0x34, 0x07, 0x34, 0x07, 0x34,
    0x07, 0x34, 0x07, 0x34, 0x07, 0x34, 0x07, 0x34, 0x00, 0x34, 0x07, 0x34, 0x07, 0x34, 0x07, 0x34,
    0x07, 0x34, 0x07, 0x44, 0x07, 0x44, 0x07, 0x44, 0x07, 0x44, 0x07, 0x44, 0x07, 0x44, 0x07, 0x44,
    0x04, 0x04, 0x04, 0x04, 0x04, 0x04, 0x04, 0x04, 0x04, 0x04, 0x00, 0x00, 0x00, 0x00, 0x00, 0x00,
    0x00, 0x00, 0x00, 0x00, 0x00, 0x00, 0x00, 0x00, 0x00, 0x00, 0x00, 0x00, 0x00, 0x00, 0x00, 0x00,
    0x00, 0x00, 0x00, 0x00, 0x00, 0x00, 0x00, 0x00, 0x00, 0x5A, 0xA5, 0x03, 0x03, 0x00, 0x00, 0x00,
    0x0B, 0x00, 0x01, 0x00, 0x00, 0x00, 0x00, 0x55, 0x55, 0x01, 0x00, 0x00, 0x00, 0x00, 0x00, 0xFF,
    0xFF, 0x07, 0x44, 0x07, 0x44, 0x07, 0x44, 0x07, 0x44, 0x07, 0x44, 0x07, 0x44, 0x07, 0x44, 0x07,
    0x44, 0x07, 0x44, 0x07, 0x44, 0x07, 0x44, 0x07, 0x44, 0x07, 0x44, 0x07, 0x44, 0x07, 0x44, 0x07,
    0x44, 0x07, 0x44, 0x07, 0x44, 0x07, 0x44, 0x07, 0x44, 0x07, 0x44, 0x07, 0x44, 0x07, 0x44, 0x07,
    0x44, 0x07, 0x44, 0x07, 0x44, 0x07, 0x44, 0x07, 0x44, 0x07, 0x44, 0x04, 0x04, 0x04, 0x04, 0x04,
    0x04, 0x04, 0x04, 0x04, 0x04, 0x00, 0x00, 0x00, 0x00, 0x00, 0x00, 0x00, 0x00, 0x00, 0x00, 0x00,
    0x00, 0x00, 0x00, 0x00, 0x00, 0x00, 0x00, 0x00, 0x00, 0x00, 0x00, 0x00, 0x00, 0x00, 0x00, 0x00,
    0x00, 0x00, 0x00, 0x00, 0x5A, 0xA5, 0x00, 0x00, 0x44, 0x01, 0x00, 0x00, 0x06, 0x00, 0x00, 0x00,
    0x4C, 0x00, 0x00, 0x00, 0x00, 0x00, 0x00, 0x00, 0xDA, 0x3F, 0x06, 0x00, 0xE0, 0x6E, 0x3D, 0xA9,
    0x2A, 0x00, 0x00, 0x00, 0x2A, 0x00, 0x00, 0x00, 0x1C, 0x00, 0x20, 0x18, 0xD6, 0x52, 0x0D, 0xA7,
    0xFF, 0xFF, 0x00, 0x00, 0x00, 0x00, 0x1B, 0x00, 0x00, 0x02, 0x00, 0x01, 0x00, 0x00, 0x02, 0x0E,
    0x00, 0x00, 0x00, 0x00, 0x21, 0x09, 0x05, 0x03, 0x01, 0x00, 0x06, 0x00, 0x05, 0x88, 0xB8, 0x00,
    0x00, 0x00, 0x00, 0x00, 0x4C, 0x00, 0x00, 0x00, 0x06, 0x00, 0x00, 0x00, 0x3C, 0x00, 0x00, 0x00,
    0x00, 0x00, 0x00, 0x00, 0xDA, 0x3F, 0x06, 0x00, 0x05, 0x75, 0x3D, 0xA9, 0x1C, 0x00, 0x00, 0x00,
    0x1C, 0x00, 0x00, 0x00, 0x1C, 0x00, 0x20, 0x18, 0xD6, 0x52, 0x0D, 0xA7, 0xFF, 0xFF, 0x00, 0x00,
    0x00, 0x00, 0x08, 0x00, 0x01, 0x02, 0x00, 0x01, 0x00, 0x00, 0x02, 0x00, 0x00, 0x00, 0x00, 0x03,
    0x3C, 0x00, 0x00, 0x00, 0x06, 0x00, 0x00, 0x00, 0x44, 0x00, 0x00, 0x00, 0x00, 0x00, 0x00, 0x00,
    0xDA, 0x3F, 0x06, 0x00, 0x0E, 0xE8, 0x3D, 0xA9, 0x24, 0x00, 0x00, 0x00, 0x24, 0x00, 0x00, 0x00,
    0x1C, 0x00, 0x10, 0xB0, 0xEF, 0x5C, 0x0D, 0xA7, 0xFF, 0xFF, 0x00, 0x00, 0x00, 0x00, 0x1B, 0x00,
    0x00, 0x02, 0x00, 0x01, 0x00, 0x80, 0x02, 0x08, 0x00, 0x00, 0x00, 0x00, 0xA1, 0x01, 0x06, 0x03,
    0x01, 0x00, 0x08, 0x04, 0x44, 0x00, 0x00, 0x00, 0x06, 0x00, 0x00, 0x00, 0x44, 0x04, 0x00, 0x00,
    0x00, 0x00, 0x00, 0x00, 0xDA, 0x3F, 0x06, 0x00, 0x2D, 0x15, 0x3E, 0xA9, 0x24, 0x04, 0x00, 0x00,
    0x24, 0x04, 0x00, 0x00, 0x1C, 0x00, 0x10, 0xB0, 0xEF, 0x5C, 0x0D, 0xA7, 0xFF, 0xFF, 0x00, 0x00,
    0x00, 0x00, 0x08, 0x00, 0x01, 0x02, 0x00, 0x01, 0x00, 0x80, 0x02, 0x08, 0x04, 0x00, 0x00, 0x03,
    0x06, 0x88, 0x00, 0x00, 0x00, 0x00, 0x00, 0x00, 0xFF, 0x00, 0x00, 0xFF, 0xFF, 0x00, 0x00, 0xFF,
    0x00, 0x00, 0xFF, 0xFF, 0x00, 0x00, 0xFF, 0xFF, 0x00, 0xFF, 0xFF, 0xFF, 0xFF, 0xFF, 0xFF, 0xFF,
    0x00, 0x00, 0xFF, 0x00, 0xFF, 0x00, 0xFF, 0xFF, 0x00, 0xFF, 0x00, 0xFF, 0x00, 0xFF, 0xFF, 0xFF,
    0xFF, 0xFF, 0xFF, 0xFF, 0xFF, 0x00, 0x00, 0xFF, 0x00, 0xFF, 0x00, 0xFF, 0xFF, 0x00, 0xFF, 0x00,
    0xFF, 0x00, 0xFF, 0xFF, 0xFF, 0xFF, 0xFF, 0xFF, 0x00, 0x00, 0x00, 0x00, 0xFF, 0x00, 0xFF, 0x00,
    0xFF, 0xFF, 0x00, 0xFF, 0x00, 0xFF, 0x00, 0xFF, 0xFF, 0xFF, 0xFF, 0xFF, 0xFF, 0x00, 0x00, 0x00,
    0x00, 0xFF, 0x00, 0xFF, 0x00, 0xFF, 0xFF, 0x00, 0xFF, 0x00, 0xFF, 0x00, 0xFF, 0xFF, 0xFF, 0xFF,
    0xFF, 0xFF, 0xFF, 0xFF, 0x00, 0x00, 0xFF, 0x00, 0xFF, 0x00, 0xFF, 0xFF, 0x00, 0xFF, 0x00, 0xFF,
    0x00, 0xFF, 0xFF, 0xFF, 0xFF, 0xFF, 0xFF, 0xFF, 0xFF, 0x00, 0x00, 0xFF, 0x00, 0xFF, 0x00, 0xFF,
    0xFF, 0x00, 0xFF, 0x00, 0xFF, 0x00, 0xFF, 0xFF, 0xFF, 0xFF, 0xFF, 0xFF, 0x00, 0x00, 0x00, 0x00,
    0xFF, 0x00, 0xFF, 0x00, 0xFF, 0xFF, 0x00, 0xFF, 0x00, 0xFF, 0x00, 0xFF, 0xFF, 0xFF, 0xFF, 0xFF,
    0xFF, 0x00, 0x00, 0x00, 0x00, 0xFF, 0x00, 0xFF, 0x00, 0xFF, 0xFF, 0x00, 0xFF, 0x00, 0xFF, 0x00,
    0xFF, 0xFF, 0xFF, 0xFF, 0xFF, 0xFF, 0x00, 0x00, 0x00, 0x00, 0xFF, 0x00, 0xFF, 0x00, 0xFF, 0xFF,
    0x00, 0xFF, 0x00, 0xFF, 0x00, 0xFF, 0xFF, 0xFF, 0xFF, 0xFF, 0xFF, 0x00, 0x00, 0x00, 0x00, 0xFF,
    0x00, 0xFF, 0x00, 0xFF, 0xFF, 0x00, 0xFF, 0x00, 0xFF, 0x00, 0xFF, 0xFF, 0xFF, 0xFF, 0xFF, 0xFE,
    0x00, 0x00, 0x00, 0x00, 0xFF, 0x00, 0xFF, 0x00, 0xFF, 0xFF, 0x00, 0xFF, 0x00, 0xFF, 0x00, 0xFF,
    0xFF, 0xFF, 0xFF, 0xFF, 0xFF, 0x00, 0x00, 0x00, 0x00, 0xFF, 0x00, 0xFF, 0x00, 0xFF, 0xFF, 0x00,
    0xFF, 0x00, 0xFF, 0x00, 0xFF, 0xFF, 0xFF, 0xFF, 0xFF, 0xFF, 0x00, 0x00, 0x00, 0x00, 0xFF, 0x00,
    0xFF, 0x00, 0xFF, 0xFF, 0x00, 0xFF, 0x00, 0xFF, 0x00, 0xFF, 0xFF, 0xFF, 0xFF, 0xFF, 0xFF, 0x00,
    0x00, 0x00, 0x00, 0xFF, 0x00, 0xFF, 0x00, 0xFF, 0xFF, 0x00, 0xFF, 0x00, 0xFF, 0x00, 0xFF, 0xFF,
    0xFF, 0xFF, 0xFF, 0xFF, 0x00, 0x00, 0x00, 0x00, 0xFF, 0x00, 0xFF, 0x00, 0xFF, 0xFF, 0x00, 0xFF,
    0x00, 0xFF, 0x00, 0xFF, 0xFF, 0xFF, 0xFF, 0xFF, 0xFF, 0x00, 0x00, 0x00, 0x00, 0xFF, 0x00, 0xFF,
    0x00, 0xFF, 0xFF, 0x00, 0xFF, 0x00, 0xFF, 0x00, 0xFF, 0xFF, 0xFF, 0xFF, 0xFF, 0xFF, 0x00, 0x00,
    0x00, 0x00, 0xFF, 0x00, 0xFF, 0x00, 0xFF, 0xFF, 0x00, 0xFF, 0x00, 0xFF, 0x00, 0xFF, 0xFF, 0xFF,
    0xFF, 0xFF, 0x3F, 0x00, 0xFF, 0x00, 0x00, 0xFF, 0x00, 0xFF, 0x00, 0xFF, 0xFF, 0x00, 0xFF, 0x00,
    0xFF, 0x00, 0xFF, 0xFF, 0xFF, 0xFF, 0xFF, 0xFF, 0x00, 0x00, 0x00, 0x00, 0xFF, 0x00, 0xFF, 0x00,
    0xFF, 0xFF, 0x00, 0xFF, 0x00, 0xFF, 0x00, 0xFF, 0xFF, 0xFF, 0xFF, 0xFF, 0xFF, 0x00, 0x00, 0x00,
    0x00, 0xFF, 0x00, 0xFF, 0x00, 0xFF, 0xFF, 0x00, 0xFF, 0x00, 0xFF, 0x00, 0xFF, 0xFF, 0xFF, 0xFF,
    0xFF, 0xFF, 0x00, 0x00, 0x00, 0x00, 0xFF, 0x00, 0xFF, 0x00, 0xFF, 0xFF, 0x00, 0xFF, 0x00, 0xFF,
    0x00, 0xFF, 0xFF, 0xFF, 0xFF, 0xFF, 0xFF, 0x00, 0x00, 0x00, 0x00, 0xFF, 0x00, 0xFF, 0x00, 0xFF,
    0xFF, 0x00, 0xFF, 0x00, 0xFF, 0x00, 0xFF, 0xFF, 0xFF, 0xFF, 0xFF, 0xFF, 0x00, 0x00, 0xFF, 0xFF,
    0x00, 0x00, 0xFF, 0x00, 0x00, 0xFF, 0xFF, 0x00
},
/* effect 0x10 */
{
    0x06, 0x83, 0xB6, 0x00, 0x00, 0x00, 0x00, 0x00, 0x00, 0x00, 0x00, 0x00, 0x00, 0x00, 0x5A, 0xA5,
    0x03, 0x03, 0x00, 0x00, 0x00, 0x10, 0x20, 0x02, 0x00, 0x00, 0x00, 0x00, 0x55, 0x55, 0x01, 0x00,
    0x00, 0x00, 0x00, 0x00, 0xFF, 0xFF, 0x00, 0x31, 0x00, 0x34, 0x00, 0x34, 0x07, 0x34, 0x00, 0x34,
    0x00, 0x34, 0x07, 0x34, 0x07, 0x34, 0x07, 0x34, 0x07, 0x34, 0x00, 0x34, 0x07, 0x34, 0x07, 0x34,
    0x07, 0x34, 0x07, 0x34, 0x07, 0x34, 0x07, 0x34, 0x00, 0x34, 0x07, 0x34, 0x07, 0x34, 0x07, 0x34,
    0x07, 0x34, 0x07, 0x44, 0x07, 0x44, 0x07, 0x44, 0x07, 0x44, 0x07, 0x44, 0x07, 0x44, 0x07, 0x44,
    0x04, 0x04, 0x04, 0x04, 0x04, 0x04, 0x04, 0x04, 0x04, 0x04, 0x00, 0x00, 0x00, 0x00, 0x00, 0x00,
    0x00, 0x00, 0x00, 0x00, 0x00, 0x00, 0x00, 0x00, 0x00, 0x00, 0x00, 0x00, 0x00, 0x00, 0x00, 0x00,
    0x00, 0x00, 0x00, 0x00, 0x00, 0x00, 0x00, 0x00, 0x00, 0x5A, 0xA5, 0x03, 0x03, 0x00, 0x00, 0x00,
    0x0B, 0x00, 0x01, 0x00, 0x00, 0x00, 0x00, 0x55, 0x55, 0x01, 0x00, 0x00, 0x00, 0x00, 0x00, 0xFF,
    0xFF, 0x07, 0x44, 0x07, 0x44, 0x07, 0x44, 0x07, 0x44, 0x07, 0x44, 0x07, 0x44, 0x07, 0x44, 0x07,
    0x44, 0x07, 0x44, 0x07, 0x44, 0x07, 0x44, 0x07, 0x44, 0x07, 0x44, 0x07, 0x44, 0x07, 0x44, 0x07,
    0x44, 0x07, 0x44, 0x07, 0x44, 0x07, 0x44, 0x07, 0x44, 0x07, 0x44, 0x07, 0x44, 0x07, 0x44, 0x07,
    0x44, 0x07, 0x44, 0x07, 0x44, 0x07, 0x44, 0x07, 0x44, 0x07, 0x44, 0x04, 0x04, 0x04, 0x04, 0x04,
    0x04, 0x04, 0x04, 0x04, 0x04, 0x00, 0x00, 0x00, 0x00, 0x00, 0x00, 0x00, 0x00, 0x00, 0x00, 0x00,
    0x00, 0x00, 0x00, 0x00, 0x00, 0x00, 0x00, 0x00, 0x00, 0x00, 0x00, 0x00, 0x00, 0x00, 0x00, 0x00,
    0x00, 0x00, 0x00, 0x00, 0x5A, 0xA5, 0x00, 0x00, 0x44, 0x01, 0x00, 0x00, 0x06, 0x00, 0x00, 0x00,
    0x4C, 0x00, 0x00, 0x00, 0x00, 0x00, 0x00, 0x00, 0xDA, 0x3F, 0x06, 0x00, 0xF4, 0x2F, 0x35, 0xAB,
    0x2A, 0x00, 0x00, 0x00, 0x2A, 0x00, 0x00, 0x00, 0x1C, 0x00, 0x50, 0xB8, 0xCD, 0x58, 0x0D, 0xA7,
    0xFF, 0xFF, 0x00, 0x00, 0x00, 0x00, 0x1B, 0x00, 0x00, 0x02, 0x00, 0x01, 0x00, 0x00, 0x02, 0x0E,
    0x00, 0x00, 0x00, 0x00, 0x21, 0x09, 0x05, 0x03, 0x01, 0x00, 0x06, 0x00, 0x05, 0x88, 0xB8, 0x00,
    0x00, 0x00, 0x00, 0x00, 0x4C, 0x00, 0x00, 0x00, 0x06, 0x00, 0x00, 0x00, 0x3C, 0x00, 0x00, 0x00,
    0x00, 0x00, 0x00, 0x00, 0xDA, 0x3F, 0x06, 0x00, 0x05, 0x36, 0x35, 0xAB, 0x1C, 0x00, 0x00, 0x00,
    0x1C, 0x00, 0x00, 0x00, 0x1C, 0x00, 0x50, 0xB8, 0xCD, 0x58, 0x0D, 0xA7, 0xFF, 0xFF, 0x00, 0x00,
    0x00, 0x00, 0x08, 0x00, 0x01, 0x02, 0x00, 0x01, 0x00, 0x00, 0x02, 0x00, 0x00, 0x00, 0x00, 0x03,
    0x3C, 0x00, 0x00, 0x00, 0x06, 0x00, 0x00, 0x00, 0x44, 0x00, 0x00, 0x00, 0x00, 0x00, 0x00, 0x00,
    0xDA, 0x3F, 0x06, 0x00, 0x1A, 0xA9, 0x35, 0xAB, 0x24, 0x00, 0x00, 0x00, 0x24, 0x00, 0x00, 0x00,
    0x1C, 0x00, 0xE0, 0xE7, 0xAC, 0x52, 0x0D, 0xA7, 0xFF, 0xFF, 0x00, 0x00, 0x00, 0x00, 0x1B, 0x00,
    0x00, 0x02, 0x00, 0x01, 0x00, 0x80, 0x02, 0x08, 0x00, 0x00, 0x00, 0x00, 0xA1, 0x01, 0x06, 0x03,
    0x01, 0x00, 0x08, 0x04, 0x44, 0x00, 0x00, 0x00, 0x06, 0x00, 0x00, 0x00, 0x44, 0x04, 0x00, 0x00,
    0x00, 0x00, 0x00, 0x00, 0xDA, 0x3F, 0x06, 0x00, 0x2D, 0xD6, 0x35, 0xAB, 0x24, 0x04, 0x00, 0x00,
    0x24, 0x04, 0x00, 0x00, 0x1C, 0x00, 0xE0, 0xE7, 0xAC, 0x52, 0x0D, 0xA7, 0xFF, 0xFF, 0x00, 0x00,
    0x00, 0x00, 0x08, 0x00, 0x01, 0x02, 0x00, 0x01, 0x00, 0x80, 0x02, 0x08, 0x04, 0x00, 0x00, 0x03,
    0x06, 0x88, 0x00, 0x00, 0x00, 0x00, 0x00, 0x00, 0xFF, 0x00, 0x00, 0xFF, 0xFF, 0x00, 0x00, 0xFF,
    0x00, 0x00, 0xFF, 0xFF, 0x00, 0x00, 0xFF, 0xFF, 0x00, 0xFF, 0xFF, 0xFF, 0xFF, 0xFF, 0xFF, 0xFF,
    0x00, 0x00, 0xFF, 0x00, 0xFF, 0x00, 0xFF, 0xFF, 0x00, 0xFF, 0x00, 0xFF, 0x00, 0xFF, 0xFF, 0xFF,
    0xFF, 0xFF, 0xFF, 0xFF, 0xFF, 0x00, 0x00, 0xFF, 0x00, 0xFF, 0x00, 0xFF, 0xFF, 0x00, 0xFF, 0x00,
    0xFF, 0x00, 0xFF, 0xFF, 0xFF, 0xFF, 0xFF, 0xFF, 0x00, 0x00, 0x00, 0x00, 0xFF, 0x00, 0xFF, 0x00,
    0xFF, 0xFF, 0x00, 0xFF, 0x00, 0xFF, 0x00, 0xFF, 0xFF, 0xFF, 0xFF, 0xFF, 0xFF, 0x00, 0x00, 0x00,
    0x00, 0xFF, 0x00, 0xFF, 0x00, 0xFF, 0xFF, 0x00, 0xFF, 0x00, 0xFF, 0x00, 0xFF, 0xFF, 0xFF, 0xFF,
    0xFF, 0xFF, 0xFF, 0xFF, 0x00, 0x00, 0xFF, 0x00, 0xFF, 0x00, 0xFF, 0xFF, 0x00, 0xFF, 0x00, 0xFF,
    0x00, 0xFF, 0xFF, 0xFF, 0xFF, 0xFF, 0xFF, 0xFF, 0xFF, 0x00, 0x00, 0xFF, 0x00, 0xFF, 0x00, 0xFF,
    0xFF, 0x00, 0xFF, 0x00, 0xFF, 0x00, 0xFF, 0xFF, 0xFF, 0xFF, 0xFF, 0xFF, 0x00, 0x00, 0x00, 0x00,
    0xFF, 0x00, 0xFF, 0x00, 0xFF, 0xFF, 0x00, 0xFF, 0x00, 0xFF, 0x00, 0xFF, 0xFF, 0xFF, 0xFF, 0xFF,
    0xFF, 0x00, 0x00, 0x00, 0x00, 0xFF, 0x00, 0xFF, 0x00, 0xFF, 0xFF, 0x00, 0xFF, 0x00, 0xFF, 0x00,
    0xFF, 0xFF, 0xFF, 0xFF, 0xFF, 0xFF, 0x00, 0x00, 0x00, 0x00, 0xFF, 0x00, 0xFF, 0x00, 0xFF, 0xFF,
    0x00, 0xFF, 0x00, 0xFF, 0x00, 0xFF, 0xFF, 0xFF, 0xFF, 0xFF, 0xFF, 0x00, 0x00, 0x00, 0x00, 0xFF,
    0x00, 0xFF, 0x00, 0xFF, 0xFF, 0x00, 0xFF, 0x00, 0xFF, 0x00, 0xFF, 0xFF, 0xFF, 0xFF, 0xFF, 0xFE,
    0x00, 0x00, 0x00, 0x00, 0xFF, 0x00, 0xFF, 0x00, 0xFF, 0xFF, 0x00, 0xFF, 0x00, 0xFF, 0x00, 0xFF,
    0xFF, 0xFF, 0xFF, 0xFF, 0xFF, 0x00, 0x00, 0x00, 0x00, 0xFF, 0x00, 0xFF, 0x00, 0xFF, 0xFF, 0x00,
    0xFF, 0x00, 0xFF, 0x00, 0xFF, 0xFF, 0xFF, 0xFF, 0xFF, 0xFF, 0x00, 0x00, 0x00, 0x00, 0xFF, 0x00,
    0xFF, 0x00, 0xFF, 0xFF, 0x00, 0xFF, 0x00, 0xFF, 0x00, 0xFF, 0xFF, 0xFF, 0xFF, 0xFF, 0xFF, 0x00,
    0x00, 0x00, 0x00, 0xFF, 0x00, 0xFF, 0x00, 0xFF, 0xFF, 0x00, 0xFF, 0x00, 0xFF, 0x00, 0xFF, 0xFF,
    0xFF, 0xFF, 0xFF, 0xFF, 0x00, 0x00, 0x00, 0x00, 0xFF, 0x00, 0xFF, 0x00, 0xFF, 0xFF, 0x00, 0xFF,
    0x00, 0xFF, 0x00, 0xFF, 0xFF, 0xFF, 0xFF, 0xFF, 0xFF, 0x00, 0x00, 0x00, 0x00, 0xFF, 0x00, 0xFF,
    0x00, 0xFF, 0xFF, 0x00, 0xFF, 0x00, 0xFF, 0x00, 0xFF, 0xFF, 0xFF, 0xFF, 0xFF, 0xFF, 0x00, 0x00,
    0x00, 0x00, 0xFF, 0x00, 0xFF, 0x00, 0xFF, 0xFF, 0x00, 0xFF, 0x00, 0xFF, 0x00, 0xFF, 0xFF, 0xFF,
    0xFF, 0xFF, 0x3F, 0x00, 0xFF, 0x00, 0x00, 0xFF, 0x00, 0xFF, 0x00, 0xFF, 0xFF, 0x00, 0xFF, 0x00,
    0xFF, 0x00, 0xFF, 0xFF, 0xFF, 0xFF, 0xFF, 0xFF, 0x00, 0x00, 0x00, 0x00, 0xFF, 0x00, 0xFF, 0x00,
    0xFF, 0xFF, 0x00, 0xFF, 0x00, 0xFF, 0x00, 0xFF, 0xFF, 0xFF, 0xFF, 0xFF, 0xFF, 0x00, 0x00, 0x00,
    0x00, 0xFF, 0x00, 0xFF, 0x00, 0xFF, 0xFF, 0x00, 0xFF, 0x00, 0xFF, 0x00, 0xFF, 0xFF, 0xFF, 0xFF,
    0xFF, 0xFF, 0x00, 0x00, 0x00, 0x00, 0xFF, 0x00, 0xFF, 0x00, 0xFF, 0xFF, 0x00, 0xFF, 0x00, 0xFF,
    0x00, 0xFF, 0xFF, 0xFF, 0xFF, 0xFF, 0xFF, 0x00, 0x00, 0x00, 0x00, 0xFF, 0x00, 0xFF, 0x00, 0xFF,
    0xFF, 0x00, 0xFF, 0x00, 0xFF, 0x00, 0xFF, 0xFF, 0xFF, 0xFF, 0xFF, 0xFF, 0x00, 0x00, 0xFF, 0xFF,
    0x00, 0x00, 0xFF, 0x00, 0x00, 0xFF, 0xFF, 0x00
},
/* effect 0x11 */
{
    0x06, 0x83, 0xB6, 0x00, 0x00, 0x00, 0x00, 0x00, 0x00, 0x00, 0x00, 0x00, 0x00, 0x00, 0x5A, 0xA5,
    0x03, 0x03, 0x00, 0x00, 0x00, 0x11, 0x20, 0x02, 0x00, 0x00, 0x00, 0x00, 0x55, 0x55, 0x01, 0x00,
    0x00, 0x00, 0x00, 0x00, 0xFF, 0xFF, 0x00, 0x31, 0x00, 0x34, 0x00, 0x34, 0x07, 0x34, 0x00, 0x34,
    0x00, 0x34, 0x07, 0x34, 0x07, 0x34, 0x07, 0x34, 0x07, 0x34, 0x00, 0x34, 0x07, 0x34, 0x07, 0x34,
    0x07, 0x34, 0x07, 0x34, 0x07, 0x34, 0x07, 0x34, 0x00, 0x34, 0x07, 0x34, 0x07, 0x34, 0x07, 0x34,
    0x07, 0x34, 0x07, 0x44, 0x07, 0x44, 0x07, 0x44, 0x07, 0x44, 0x07, 0x44, 0x07, 0x44, 0x07, 0x44,
    0x04, 0x04, 0x04, 0x04, 0x04, 0x04, 0x04, 0x04, 0x04, 0x04, 0x00, 0x00, 0x00, 0x00, 0x00, 0x00,
    0x00, 0x00, 0x00, 0x00, 0x00, 0x00, 0x00, 0x00, 0x00, 0x00, 0x00, 0x00, 0x00, 0x00, 0x00, 0x00,
    0x00, 0x00, 0x00, 0x00, 0x00, 0x00, 0x00, 0x00, 0x00, 0x5A, 0xA5, 0x03, 0x03, 0x00, 0x00, 0x00,
    0x0B, 0x00, 0x01, 0x00, 0x00, 0x00, 0x00, 0x55, 0x55, 0x01, 0x00, 0x00, 0x00, 0x00, 0x00, 0xFF,
    0xFF, 0x07, 0x44, 0x07, 0x44, 0x07, 0x44, 0x07, 0x44, 0x07, 0x44, 0x07, 0x44, 0x07, 0x44, 0x07,
    0x44, 0x07, 0x44, 0x07, 0x44, 0x07, 0x44, 0x07, 0x44, 0x07, 0x44, 0x07, 0x44, 0x07, 0x44, 0x07,
    0x44, 0x07, 0x44, 0x07, 0x44, 0x07, 0x44, 0x07, 0x44, 0x07, 0x44, 0x07, 0x44, 0x07, 0x44, 0x07,
    0x44, 0x07, 0x44, 0x07, 0x44, 0x07, 0x44, 0x07, 0x44, 0x07, 0x44, 0x04, 0x04, 0x04, 0x04, 0x04,
    0x04, 0x04, 0x04, 0x04, 0x04, 0x00, 0x00, 0x00, 0x00, 0x00, 0x00, 0x00, 0x00, 0x00, 0x00, 0x00,
    0x00, 0x00, 0x00, 0x00, 0x00, 0x00, 0x00, 0x00, 0x00, 0x00, 0x00, 0x00, 0x00, 0x00, 0x00, 0x00,
    0x00, 0x00, 0x00, 0x00, 0x5A, 0xA5, 0x00, 0x00, 0x44, 0x01, 0x00, 0x00, 0x06, 0x00, 0x00, 0x00,
    0x4C, 0x00, 0x00, 0x00, 0x00, 0x00, 0x00, 0x00, 0xDA, 0x3F, 0x06, 0x00, 0x60, 0x03, 0x21, 0xAD,
    0x2A, 0x00, 0x00, 0x00, 0x2A, 0x00, 0x00, 0x00, 0x1C, 0x00, 0xE0, 0xA5, 0xB9, 0x52, 0x0D, 0xA7,
    0xFF, 0xFF, 0x00, 0x00, 0x00, 0x00, 0x1B, 0x00, 0x00, 0x02, 0x00, 0x01, 0x00, 0x00, 0x02, 0x0E,
    0x00, 0x00, 0x00, 0x00, 0x21, 0x09, 0x05, 0x03, 0x01, 0x00, 0x06, 0x00, 0x05, 0x88, 0xB8, 0x00,
    0x00, 0x00, 0x00, 0x00, 0x4C, 0x00, 0x00, 0x00, 0x06, 0x00, 0x00, 0x00, 0x3C, 0x00, 0x00, 0x00,
    0x00, 0x00, 0x00, 0x00, 0xDA, 0x3F, 0x06, 0x00, 0x54, 0x08, 0x21, 0xAD, 0x1C, 0x00, 0x00, 0x00,
    0x1C, 0x00, 0x00, 0x00, 0x1C, 0x00, 0xE0, 0xA5, 0xB9, 0x52, 0x0D, 0xA7, 0xFF, 0xFF, 0x00, 0x00,
    0x00, 0x00, 0x08, 0x00, 0x01, 0x02, 0x00, 0x01, 0x00, 0x00, 0x02, 0x00, 0x00, 0x00, 0x00, 0x03,
    0x3C, 0x00, 0x00, 0x00, 0x06, 0x00, 0x00, 0x00, 0x44, 0x00, 0x00, 0x00, 0x00, 0x00, 0x00, 0x00,
    0xDA, 0x3F, 0x06, 0x00, 0x8C, 0x80, 0x21, 0xAD, 0x24, 0x00, 0x00, 0x00, 0x24, 0x00, 0x00, 0x00,
    0x1C, 0x00, 0x20, 0x47, 0xAE, 0x5D, 0x0D, 0xA7, 0xFF, 0xFF, 0x00, 0x00, 0x00, 0x00, 0x1B, 0x00,
    0x00, 0x02, 0x00, 0x01, 0x00, 0x80, 0x02, 0x08, 0x00, 0x00, 0x00, 0x00, 0xA1, 0x01, 0x06, 0x03,
    0x01, 0x00, 0x08, 0x04, 0x44, 0x00, 0x00, 0x00, 0x06, 0x00, 0x00, 0x00, 0x44, 0x04, 0x00, 0x00,
    0x00, 0x00, 0x00, 0x00, 0xDA, 0x3F, 0x06, 0x00, 0x65, 0xAC, 0x21, 0xAD, 0x24, 0x04, 0x00, 0x00,
    0x24, 0x04, 0x00, 0x00, 0x1C, 0x00, 0x20, 0x47, 0xAE, 0x5D, 0x0D, 0xA7, 0xFF, 0xFF, 0x00, 0x00,
    0x00, 0x00, 0x08, 0x00, 0x01, 0x02, 0x00, 0x01, 0x00, 0x80, 0x02, 0x08, 0x04, 0x00, 0x00, 0x03,
    0x06, 0x88, 0x00, 0x00, 0x00, 0x00, 0x00, 0x00, 0xFF, 0x00, 0x00, 0xFF, 0xFF, 0x00, 0x00, 0xFF,
    0x00, 0x00, 0xFF, 0xFF, 0x00, 0x00, 0xFF, 0xFF, 0x00, 0xFF, 0xFF, 0xFF, 0xFF, 0xFF, 0xFF, 0xFF,
    0x00, 0x00, 0xFF, 0x00, 0xFF, 0x00, 0xFF, 0xFF, 0x00, 0xFF, 0x00, 0xFF, 0x00, 0xFF, 0xFF, 0xFF,
    0xFF, 0xFF, 0xFF, 0xFF, 0xFF, 0x00, 0x00, 0xFF, 0x00, 0xFF, 0x00, 0xFF, 0xFF, 0x00, 0xFF, 0x00,
    0xFF, 0x00, 0xFF, 0xFF, 0xFF, 0xFF, 0xFF, 0xFF, 0x00, 0x00, 0x00, 0x00, 0xFF, 0x00, 0xFF, 0x00,
    0xFF, 0xFF, 0x00, 0xFF, 0x00, 0xFF, 0x00, 0xFF, 0xFF, 0xFF, 0xFF, 0xFF, 0xFF, 0x00, 0x00, 0x00,
    0x00, 0xFF, 0x00, 0xFF, 0x00, 0xFF, 0xFF, 0x00, 0xFF, 0x00, 0xFF, 0x00, 0xFF, 0xFF, 0xFF, 0xFF,
    0xFF, 0xFF, 0xFF, 0xFF, 0x00, 0x00, 0xFF, 0x00, 0xFF, 0x00, 0xFF, 0xFF, 0x00, 0xFF, 0x00, 0xFF,
    0x00, 0xFF, 0xFF, 0xFF, 0xFF, 0xFF, 0xFF, 0xFF, 0xFF, 0x00, 0x00, 0xFF, 0x00, 0xFF, 0x00, 0xFF,
    0xFF, 0x00, 0xFF, 0x00, 0xFF, 0x00, 0xFF, 0xFF, 0xFF, 0xFF, 0xFF, 0xFF, 0x00, 0x00, 0x00, 0x00,
    0xFF, 0x00, 0xFF, 0x00, 0xFF, 0xFF, 0x00, 0xFF, 0x00, 0xFF, 0x00, 0xFF, 0xFF, 0xFF, 0xFF, 0xFF,
    0xFF, 0x00, 0x00, 0x00, 0x00, 0xFF, 0x00, 0xFF, 0x00, 0xFF, 0xFF, 0x00, 0xFF, 0x00, 0xFF, 0x00,
    0xFF, 0xFF, 0xFF, 0xFF, 0xFF, 0xFF, 0x00, 0x00, 0x00, 0x00, 0xFF, 0x00, 0xFF, 0x00, 0xFF, 0xFF,
    0x00, 0xFF, 0x00, 0xFF, 0x00, 0xFF, 0xFF, 0xFF, 0xFF, 0xFF, 0xFF, 0x00, 0x00, 0x00, 0x00, 0xFF,
    0x00, 0xFF, 0x00, 0xFF, 0xFF, 0x00, 0xFF, 0x00, 0xFF, 0x00, 0xFF, 0xFF, 0xFF, 0xFF, 0xFF, 0xFE,
    0x00, 0x00, 0x00, 0x00, 0xFF, 0x00, 0xFF, 0x00, 0xFF, 0xFF, 0x00, 0xFF, 0x00, 0xFF, 0x00, 0xFF,
    0xFF, 0xFF, 0xFF, 0xFF, 0xFF, 0x00, 0x00, 0x00, 0x00, 0xFF, 0x00, 0xFF, 0x00, 0xFF, 0xFF, 0x00,
    0xFF, 0x00, 0xFF, 0x00, 0xFF, 0xFF, 0xFF, 0xFF, 0xFF, 0xFF, 0x00, 0x00, 0x00, 0x00, 0xFF, 0x00,
    0xFF, 0x00, 0xFF, 0xFF, 0x00, 0xFF, 0x00, 0xFF, 0x00, 0xFF, 0xFF, 0xFF, 0xFF, 0xFF, 0xFF, 0x00,
    0x00, 0x00, 0x00, 0xFF, 0x00, 0xFF, 0x00, 0xFF, 0xFF, 0x00, 0xFF, 0x00, 0xFF, 0x00, 0xFF, 0xFF,
    0xFF, 0xFF, 0xFF, 0xFF, 0x00, 0x00, 0x00, 0x00, 0xFF, 0x00, 0xFF, 0x00, 0xFF, 0xFF, 0x00, 0xFF,
    0x00, 0xFF, 0x00, 0xFF, 0xFF, 0xFF, 0xFF, 0xFF, 0xFF, 0x00, 0x00, 0x00, 0x00, 0xFF, 0x00, 0xFF,
    0x00, 0xFF, 0xFF, 0x00, 0xFF, 0x00, 0xFF, 0x00, 0xFF, 0xFF, 0xFF, 0xFF, 0xFF, 0xFF, 0x00, 0x00,
    0x00, 0x00, 0xFF, 0x00, 0xFF, 0x00, 0xFF, 0xFF, 0x00, 0xFF, 0x00, 0xFF, 0x00, 0xFF, 0xFF, 0xFF,
    0xFF, 0xFF, 0x3F, 0x00, 0xFF, 0x00, 0x00, 0xFF, 0x00, 0xFF, 0x00, 0xFF, 0xFF, 0x00, 0xFF, 0x00,
    0xFF, 0x00, 0xFF, 0xFF, 0xFF, 0xFF, 0xFF, 0xFF, 0x00, 0x00, 0x00, 0x00, 0xFF, 0x00, 0xFF, 0x00,
    0xFF, 0xFF, 0x00, 0xFF, 0x00, 0xFF, 0x00, 0xFF, 0xFF, 0xFF, 0xFF, 0xFF, 0xFF, 0x00, 0x00, 0x00,
    0x00, 0xFF, 0x00, 0xFF, 0x00, 0xFF, 0xFF, 0x00, 0xFF, 0x00, 0xFF, 0x00, 0xFF, 0xFF, 0xFF, 0xFF,
    0xFF, 0xFF, 0x00, 0x00, 0x00, 0x00, 0xFF, 0x00, 0xFF, 0x00, 0xFF, 0xFF, 0x00, 0xFF, 0x00, 0xFF,
    0x00, 0xFF, 0xFF, 0xFF, 0xFF, 0xFF, 0xFF, 0x00, 0x00, 0x00, 0x00, 0xFF, 0x00, 0xFF, 0x00, 0xFF,
    0xFF, 0x00, 0xFF, 0x00, 0xFF, 0x00, 0xFF, 0xFF, 0xFF, 0xFF, 0xFF, 0xFF, 0x00, 0x00, 0xFF, 0xFF,
    0x00, 0x00, 0xFF, 0x00, 0x00, 0xFF, 0xFF, 0x00
},
/* effect 0x12 */
{
    0x06, 0x83, 0xB6, 0x00, 0x00, 0x00, 0x00, 0x00, 0x00, 0x00, 0x00, 0x00, 0x00, 0x00, 0x5A, 0xA5,
    0x03, 0x03, 0x00, 0x00, 0x00, 0x12, 0x20, 0x02, 0x00, 0x00, 0x00, 0x00, 0x55, 0x55, 0x01, 0x00,
    0x00, 0x00, 0x00, 0x00, 0xFF, 0xFF, 0x00, 0x31, 0x00, 0x34, 0x00, 0x34, 0x07, 0x34, 0x00, 0x34,
    0x00, 0x34, 0x07, 0x34, 0x07, 0x34, 0x07, 0x34, 0x07, 0x34, 0x00, 0x34, 0x07, 0x34, 0x07, 0x34,
    0x07, 0x34, 0x07, 0x34, 0x07, 0x34, 0x07, 0x34, 0x00, 0x34, 0x07, 0x34, 0x07, 0x34, 0x07, 0x34,
    0x07, 0x34, 0x07, 0x44, 0x07, 0x44, 0x07, 0x44, 0x07, 0x44, 0x07, 0x44, 0x07, 0x44, 0x07, 0x44,
    0x04, 0x04, 0x04, 0x04, 0x04, 0x04, 0x04, 0x04, 0x04, 0x04, 0x00, 0x00, 0x00, 0x00, 0x00, 0x00,
    0x00, 0x00, 0x00, 0x00, 0x00, 0x00, 0x00, 0x00, 0x00, 0x00, 0x00, 0x00, 0x00, 0x00, 0x00, 0x00,
    0x00, 0x00, 0x00, 0x00, 0x00, 0x00, 0x00, 0x00, 0x00, 0x5A, 0xA5, 0x03, 0x03, 0x00, 0x00, 0x00,
    0x0B, 0x00, 0x01, 0x00, 0x00, 0x00, 0x00, 0x55, 0x55, 0x01, 0x00, 0x00, 0x00, 0x00, 0x00, 0xFF,
    0xFF, 0x07, 0x44, 0x07, 0x44, 0x07, 0x44, 0x07, 0x44, 0x07, 0x44, 0x07, 0x44, 0x07, 0x44, 0x07,
    0x44, 0x07, 0x44, 0x07, 0x44, 0x07, 0x44, 0x07, 0x44, 0x07, 0x44, 0x07, 0x44, 0x07, 0x44, 0x07,
    0x44, 0x07, 0x44, 0x07, 0x44, 0x07, 0x44, 0x07, 0x44, 0x07, 0x44, 0x07, 0x44, 0x07, 0x44, 0x07,
    0x44, 0x07, 0x44, 0x07, 0x44, 0x07, 0x44, 0x07, 0x44, 0x07, 0x44, 0x04, 0x04, 0x04, 0x04, 0x04,
    0x04, 0x04, 0x04, 0x04, 0x04, 0x00, 0x00, 0x00, 0x00, 0x00, 0x00, 0x00, 0x00, 0x00, 0x00, 0x00,
    0x00, 0x00, 0x00, 0x00, 0x00, 0x00, 0x00, 0x00, 0x00, 0x00, 0x00, 0x00, 0x00, 0x00, 0x00, 0x00,
    0x00, 0x00, 0x00, 0x00, 0x5A, 0xA5, 0x00, 0x00, 0x44, 0x01, 0x00, 0x00, 0x06, 0x00, 0x00, 0x00,
    0x4C, 0x00, 0x00, 0x00, 0x00, 0x00, 0x00, 0x00, 0xDA, 0x3F, 0x06, 0x00, 0x84, 0xF5, 0x9B, 0xAE,
    0x2A, 0x00, 0x00, 0x00, 0x2A, 0x00, 0x00, 0x00, 0x1C, 0x00, 0x20, 0x18, 0xD6, 0x52, 0x0D, 0xA7,
    0xFF, 0xFF, 0x00, 0x00, 0x00, 0x00, 0x1B, 0x00, 0x00, 0x02, 0x00, 0x01, 0x00, 0x00, 0x02, 0x0E,
    0x00, 0x00, 0x00, 0x00, 0x21, 0x09, 0x05, 0x03, 0x01, 0x00, 0x06, 0x00, 0x05, 0x88, 0xB8, 0x00,
    0x00, 0x00, 0x00, 0x00, 0x4C, 0x00, 0x00, 0x00, 0x06, 0x00, 0x00, 0x00, 0x3C, 0x00, 0x00, 0x00,
    0x00, 0x00, 0x00, 0x00, 0xDA, 0x3F, 0x06, 0x00, 0x19, 0xFC, 0x9B, 0xAE, 0x1C, 0x00, 0x00, 0x00,
    0x1C, 0x00, 0x00, 0x00, 0x1C, 0x00, 0x20, 0x18, 0xD6, 0x52, 0x0D, 0xA7, 0xFF, 0xFF, 0x00, 0x00,
    0x00, 0x00, 0x08, 0x00, 0x01, 0x02, 0x00, 0x01, 0x00, 0x00, 0x02, 0x00, 0x00, 0x00, 0x00, 0x03,
    0x3C, 0x00, 0x00, 0x00, 0x06, 0x00, 0x00, 0x00, 0x44, 0x00, 0x00, 0x00, 0x00, 0x00, 0x00, 0x00,
    0xDA, 0x3F, 0x06, 0x00, 0xA5, 0x72, 0x9C, 0xAE, 0x24, 0x00, 0x00, 0x00, 0x24, 0x00, 0x00, 0x00,
    0x1C, 0x00, 0x10, 0xB0, 0xEF, 0x5C, 0x0D, 0xA7, 0xFF, 0xFF, 0x00, 0x00, 0x00, 0x00, 0x1B, 0x00,
    0x00, 0x02, 0x00, 0x01, 0x00, 0x80, 0x02, 0x08, 0x00, 0x00, 0x00, 0x00, 0xA1, 0x01, 0x06, 0x03,
    0x01, 0x00, 0x08, 0x04, 0x44, 0x00, 0x00, 0x00, 0x06, 0x00, 0x00, 0x00, 0x44, 0x04, 0x00, 0x00,
    0x00, 0x00, 0x00, 0x00, 0xDA, 0x3F, 0x06, 0x00, 0x29, 0xA0, 0x9C, 0xAE, 0x24, 0x04, 0x00, 0x00,
    0x24, 0x04, 0x00, 0x00, 0x1C, 0x00, 0x10, 0xB0, 0xEF, 0x5C, 0x0D, 0xA7, 0xFF, 0xFF, 0x00, 0x00,
    0x00, 0x00, 0x08, 0x00, 0x01, 0x02, 0x00, 0x01, 0x00, 0x80, 0x02, 0x08, 0x04, 0x00, 0x00, 0x03,
    0x06, 0x88, 0x00, 0x00, 0x00, 0x00, 0x00, 0x00, 0xFF, 0x00, 0x00, 0xFF, 0xFF, 0x00, 0x00, 0xFF,
    0x00, 0x00, 0xFF, 0xFF, 0x00, 0x00, 0xFF, 0xFF, 0x00, 0xFF, 0xFF, 0xFF, 0xFF, 0xFF, 0xFF, 0xFF,
    0x00, 0x00, 0xFF, 0x00, 0xFF, 0x00, 0xFF, 0xFF, 0x00, 0xFF, 0x00, 0xFF, 0x00, 0xFF, 0xFF, 0xFF,
    0xFF, 0xFF, 0xFF, 0xFF, 0xFF, 0x00, 0x00, 0xFF, 0x00, 0xFF, 0x00, 0xFF, 0xFF, 0x00, 0xFF, 0x00,
    0xFF, 0x00, 0xFF, 0xFF, 0xFF, 0xFF, 0xFF, 0xFF, 0x00, 0x00, 0x00, 0x00, 0xFF, 0x00, 0xFF, 0x00,
    0xFF, 0xFF, 0x00, 0xFF, 0x00, 0xFF, 0x00, 0xFF, 0xFF, 0xFF, 0xFF, 0xFF, 0xFF, 0x00, 0x00, 0x00,
    0x00, 0xFF, 0x00, 0xFF, 0x00, 0xFF, 0xFF, 0x00, 0xFF, 0x00, 0xFF, 0x00, 0xFF, 0xFF, 0xFF, 0xFF,
    0xFF, 0xFF, 0xFF, 0xFF, 0x00, 0x00, 0xFF, 0x00, 0xFF, 0x00, 0xFF, 0xFF, 0x00, 0xFF, 0x00, 0xFF,
    0x00, 0xFF, 0xFF, 0xFF, 0xFF, 0xFF, 0xFF, 0xFF, 0xFF, 0x00, 0x00, 0xFF, 0x00, 0xFF, 0x00, 0xFF,
    0xFF, 0x00, 0xFF, 0x00, 0xFF, 0x00, 0xFF, 0xFF, 0xFF, 0xFF, 0xFF, 0xFF, 0x00, 0x00, 0x00, 0x00,
    0xFF, 0x00, 0xFF, 0x00, 0xFF, 0xFF, 0x00, 0xFF, 0x00, 0xFF, 0x00, 0xFF, 0xFF, 0xFF, 0xFF, 0xFF,
    0xFF, 0x00, 0x00, 0x00, 0x00, 0xFF, 0x00, 0xFF, 0x00, 0xFF, 0xFF, 0x00, 0xFF, 0x00, 0xFF, 0x00,
    0xFF, 0xFF, 0xFF, 0xFF, 0xFF, 0xFF, 0x00, 0x00, 0x00, 0x00, 0xFF, 0x00, 0xFF, 0x00, 0xFF, 0xFF,
    0x00, 0xFF, 0x00, 0xFF, 0x00, 0xFF, 0xFF, 0xFF, 0xFF, 0xFF, 0xFF, 0x00, 0x00, 0x00, 0x00, 0xFF,
    0x00, 0xFF, 0x00, 0xFF, 0xFF, 0x00, 0xFF, 0x00, 0xFF, 0x00, 0xFF, 0xFF, 0xFF, 0xFF, 0xFF, 0xFE,
    0x00, 0x00, 0x00, 0x00, 0xFF, 0x00, 0xFF, 0x00, 0xFF, 0xFF, 0x00, 0xFF, 0x00, 0xFF, 0x00, 0xFF,
    0xFF, 0xFF, 0xFF, 0xFF, 0xFF, 0x00, 0x00, 0x00, 0x00, 0xFF, 0x00, 0xFF, 0x00, 0xFF, 0xFF, 0x00,
    0xFF, 0x00, 0xFF, 0x00, 0xFF, 0xFF, 0xFF, 0xFF, 0xFF, 0xFF, 0x00, 0x00, 0x00, 0x00, 0xFF, 0x00,
    0xFF, 0x00, 0xFF, 0xFF, 0x00, 0xFF, 0x00, 0xFF, 0x00, 0xFF, 0xFF, 0xFF, 0xFF, 0xFF, 0xFF, 0x00,
    0x00, 0x00, 0x00, 0xFF, 0x00, 0xFF, 0x00, 0xFF, 0xFF, 0x00, 0xFF, 0x00, 0xFF, 0x00, 0xFF, 0xFF,
    0xFF, 0xFF, 0xFF, 0xFF, 0x00, 0x00, 0x00, 0x00, 0xFF, 0x00, 0xFF, 0x00, 0xFF, 0xFF, 0x00, 0xFF,
    0x00, 0xFF, 0x00, 0xFF, 0xFF, 0xFF, 0xFF, 0xFF, 0xFF, 0x00, 0x00, 0x00, 0x00, 0xFF, 0x00, 0xFF,
    0x00, 0xFF, 0xFF, 0x00, 0xFF, 0x00, 0xFF, 0x00, 0xFF, 0xFF, 0xFF, 0xFF, 0xFF, 0xFF, 0x00, 0x00,
    0x00, 0x00, 0xFF, 0x00, 0xFF, 0x00, 0xFF, 0xFF, 0x00, 0xFF, 0x00, 0xFF, 0x00, 0xFF, 0xFF, 0xFF,
    0xFF, 0xFF, 0x3F, 0x00, 0xFF, 0x00, 0x00, 0xFF, 0x00, 0xFF, 0x00, 0xFF, 0xFF, 0x00, 0xFF, 0x00,
    0xFF, 0x00, 0xFF, 0xFF, 0xFF, 0xFF, 0xFF, 0xFF, 0x00, 0x00, 0x00, 0x00, 0xFF, 0x00, 0xFF, 0x00,
    0xFF, 0xFF, 0x00, 0xFF, 0x00, 0xFF, 0x00, 0xFF, 0xFF, 0xFF, 0xFF, 0xFF, 0xFF, 0x00, 0x00, 0x00,
    0x00, 0xFF, 0x00, 0xFF, 0x00, 0xFF, 0xFF, 0x00, 0xFF, 0x00, 0xFF, 0x00, 0xFF, 0xFF, 0xFF, 0xFF,
    0xFF, 0xFF, 0x00, 0x00, 0x00, 0x00, 0xFF, 0x00, 0xFF, 0x00, 0xFF, 0xFF, 0x00, 0xFF, 0x00, 0xFF,
    0x00, 0xFF, 0xFF, 0xFF, 0xFF, 0xFF, 0xFF, 0x00, 0x00, 0x00, 0x00, 0xFF, 0x00, 0xFF, 0x00, 0xFF,
    0xFF, 0x00, 0xFF, 0x00, 0xFF, 0x00, 0xFF, 0xFF, 0xFF, 0xFF, 0xFF, 0xFF, 0x00, 0x00, 0xFF, 0xFF,
    0x00, 0x00, 0xFF, 0x00, 0x00, 0xFF, 0xFF, 0x00
},
/* effect 0x13 */
{
    0x06, 0x83, 0xB6, 0x00, 0x00, 0x00, 0x00, 0x00, 0x00, 0x00, 0x00, 0x00, 0x00, 0x00, 0x5A, 0xA5,
    0x03, 0x03, 0x00, 0x00, 0x00, 0x13, 0x20, 0x02, 0x00, 0x00, 0x00, 0x00, 0x55, 0x55, 0x01, 0x00,
    0x00, 0x00, 0x00, 0x00, 0xFF, 0xFF, 0x00, 0x31, 0x00, 0x34, 0x00, 0x34, 0x07, 0x34, 0x00, 0x34,
    0x00, 0x34, 0x07, 0x34, 0x07, 0x34, 0x07, 0x34, 0x07, 0x34, 0x00, 0x34, 0x07, 0x34, 0x07, 0x34,
    0x07, 0x34, 0x07, 0x34, 0x07, 0x34, 0x07, 0x34, 0x00, 0x34, 0x07, 0x34, 0x07, 0x34, 0x07, 0x34,
    0x07, 0x34, 0x07, 0x44, 0x07, 0x44, 0x07, 0x44, 0x07, 0x44, 0x07, 0x44, 0x07, 0x44, 0x07, 0x44,
    0x04, 0x04, 0x04, 0x04, 0x04, 0x04, 0x04, 0x04, 0x04, 0x04, 0x00, 0x00, 0x00, 0x00, 0x00, 0x00,
    0x00, 0x00, 0x00, 0x00, 0x00, 0x00, 0x00, 0x00, 0x00, 0x00, 0x00, 0x00, 0x00, 0x00, 0x00, 0x00,
    0x00, 0x00, 0x00, 0x00, 0x00, 0x00, 0x00, 0x00, 0x00, 0x5A, 0xA5, 0x03, 0x03, 0x00, 0x00, 0x00,
    0x0B, 0x00, 0x01, 0x00, 0x00, 0x00, 0x00, 0x55, 0x55, 0x01, 0x00, 0x00, 0x00, 0x00, 0x00, 0xFF,
    0xFF, 0x07, 0x44, 0x07, 0x44, 0x07, 0x44, 0x07, 0x44, 0x07, 0x44, 0x07, 0x44, 0x07, 0x44, 0x07,
    0x44, 0x07, 0x44, 0x07, 0x44, 0x07, 0x44, 0x07, 0x44, 0x07, 0x44, 0x07, 0x44, 0x07, 0x44, 0x07,
    0x44, 0x07, 0x44, 0x07, 0x44, 0x07, 0x44, 0x07, 0x44, 0x07, 0x44, 0x07, 0x44, 0x07, 0x44, 0x07,
    0x44, 0x07, 0x44, 0x07, 0x44, 0x07, 0x44, 0x07, 0x44, 0x07, 0x44, 0x04, 0x04, 0x04, 0x04, 0x04,
    0x04, 0x04, 0x04, 0x04, 0x04, 0x00, 0x00, 0x00, 0x00, 0x00, 0x00, 0x00, 0x00, 0x00, 0x00, 0x00,
    0x00, 0x00, 0x00, 0x00, 0x00, 0x00, 0x00, 0x00, 0x00, 0x00, 0x00, 0x00, 0x00, 0x00, 0x00, 0x00,
    0x00, 0x00, 0x00, 0x00, 0x5A, 0xA5, 0x00, 0x00, 0x44, 0x01, 0x00, 0x00, 0x06, 0x00, 0x00, 0x00,
    0x4C, 0x00, 0x00, 0x00, 0x00, 0x00, 0x00, 0x00, 0xDA, 0x3F, 0x06, 0x00, 0xB5, 0x8C, 0x73, 0xB1,
    0x2A, 0x00, 0x00, 0x00, 0x2A, 0x00, 0x00, 0x00, 0x1C, 0x00, 0xE0, 0xE7, 0xAC, 0x52, 0x0D, 0xA7,
    0xFF, 0xFF, 0x00, 0x00, 0x00, 0x00, 0x1B, 0x00, 0x00, 0x02, 0x00, 0x01, 0x00, 0x00, 0x02, 0x0E,
    0x00, 0x00, 0x00, 0x00, 0x21, 0x09, 0x05, 0x03, 0x01, 0x00, 0x06, 0x00, 0x05, 0x88, 0xB8, 0x00,
    0x00, 0x00, 0x00, 0x00, 0x4C, 0x00, 0x00, 0x00, 0x06, 0x00, 0x00, 0x00, 0x3C, 0x00, 0x00, 0x00,
    0x00, 0x00, 0x00, 0x00, 0xDA, 0x3F, 0x06, 0x00, 0xE7, 0x91, 0x73, 0xB1, 0x1C, 0x00, 0x00, 0x00,
    0x1C, 0x00, 0x00, 0x00, 0x1C, 0x00, 0xE0, 0xE7, 0xAC, 0x52, 0x0D, 0xA7, 0xFF, 0xFF, 0x00, 0x00,
    0x00, 0x00, 0x08, 0x00, 0x01, 0x02, 0x00, 0x01, 0x00, 0x00, 0x02, 0x00, 0x00, 0x00, 0x00, 0x03,
    0x3C, 0x00, 0x00, 0x00, 0x06, 0x00, 0x00, 0x00, 0x44, 0x00, 0x00, 0x00, 0x00, 0x00, 0x00, 0x00,
    0xDA, 0x3F, 0x06, 0x00, 0xDD, 0x09, 0x74, 0xB1, 0x24, 0x00, 0x00, 0x00, 0x24, 0x00, 0x00, 0x00,
    0x1C, 0x00, 0xA0, 0x07, 0xD6, 0x52, 0x0D, 0xA7, 0xFF, 0xFF, 0x00, 0x00, 0x00, 0x00, 0x1B, 0x00,
    0x00, 0x02, 0x00, 0x01, 0x00, 0x80, 0x02, 0x08, 0x00, 0x00, 0x00, 0x00, 0xA1, 0x01, 0x06, 0x03,
    0x01, 0x00, 0x08, 0x04, 0x44, 0x00, 0x00, 0x00, 0x06, 0x00, 0x00, 0x00, 0x44, 0x04, 0x00, 0x00,
    0x00, 0x00, 0x00, 0x00, 0xDA, 0x3F, 0x06, 0x00, 0xF8, 0x35, 0x74, 0xB1, 0x24, 0x04, 0x00, 0x00,
    0x24, 0x04, 0x00, 0x00, 0x1C, 0x00, 0xA0, 0x07, 0xD6, 0x52, 0x0D, 0xA7, 0xFF, 0xFF, 0x00, 0x00,
    0x00, 0x00, 0x08, 0x00, 0x01, 0x02, 0x00, 0x01, 0x00, 0x80, 0x02, 0x08, 0x04, 0x00, 0x00, 0x03,
    0x06, 0x88, 0x00, 0x00, 0x00, 0x00, 0x00, 0x00, 0xFF, 0x00, 0x00, 0xFF, 0xFF, 0x00, 0x00, 0xFF,
    0x00, 0x00, 0xFF, 0xFF, 0x00, 0x00, 0xFF, 0xFF, 0x00, 0xFF, 0xFF, 0xFF, 0xFF, 0xFF, 0xFF, 0xFF,
    0x00, 0x00, 0xFF, 0x00, 0xFF, 0x00, 0xFF, 0xFF, 0x00, 0xFF, 0x00, 0xFF, 0x00, 0xFF, 0xFF, 0xFF,
    0xFF, 0xFF, 0xFF, 0xFF, 0xFF, 0x00, 0x00, 0xFF, 0x00, 0xFF, 0x00, 0xFF, 0xFF, 0x00, 0xFF, 0x00,
    0xFF, 0x00, 0xFF, 0xFF, 0xFF, 0xFF, 0xFF, 0xFF, 0x00, 0x00, 0x00, 0x00, 0xFF, 0x00, 0xFF, 0x00,
    0xFF, 0xFF, 0x00, 0xFF, 0x00, 0xFF, 0x00, 0xFF, 0xFF, 0xFF, 0xFF, 0xFF, 0xFF, 0x00, 0x00, 0x00,
    0x00, 0xFF, 0x00, 0xFF, 0x00, 0xFF, 0xFF, 0x00, 0xFF, 0x00, 0xFF, 0x00, 0xFF, 0xFF, 0xFF, 0xFF,
    0xFF, 0xFF, 0xFF, 0xFF, 0x00, 0x00, 0xFF, 0x00, 0xFF, 0x00, 0xFF, 0xFF, 0x00, 0xFF, 0x00, 0xFF,
    0x00, 0xFF, 0xFF, 0xFF, 0xFF, 0xFF, 0xFF, 0xFF, 0xFF, 0x00, 0x00, 0xFF, 0x00, 0xFF, 0x00, 0xFF,
    0xFF, 0x00, 0xFF, 0x00, 0xFF, 0x00, 0xFF, 0xFF, 0xFF, 0xFF, 0xFF, 0xFF, 0x00, 0x00, 0x00, 0x00,
    0xFF, 0x00, 0xFF, 0x00, 0xFF, 0xFF, 0x00, 0xFF, 0x00, 0xFF, 0x00, 0xFF, 0xFF, 0xFF, 0xFF, 0xFF,
    0xFF, 0x00, 0x00, 0x00, 0x00, 0xFF, 0x00, 0xFF, 0x00, 0xFF, 0xFF, 0x00, 0xFF, 0x00, 0xFF, 0x00,
    0xFF, 0xFF, 0xFF, 0xFF, 0xFF, 0xFF, 0x00, 0x00, 0x00, 0x00, 0xFF, 0x00, 0xFF, 0x00, 0xFF, 0xFF,
    0x00, 0xFF, 0x00, 0xFF, 0x00, 0xFF, 0xFF, 0xFF, 0xFF, 0xFF, 0xFF, 0x00, 0x00, 0x00, 0x00, 0xFF,
    0x00, 0xFF, 0x00, 0xFF, 0xFF, 0x00, 0xFF, 0x00, 0xFF, 0x00, 0xFF, 0xFF, 0xFF, 0xFF, 0xFF, 0xFE,
    0x00, 0x00, 0x00, 0x00, 0xFF, 0x00, 0xFF, 0x00, 0xFF, 0xFF, 0x00, 0xFF, 0x00, 0xFF, 0x00, 0xFF,
    0xFF, 0xFF, 0xFF, 0xFF, 0xFF, 0x00, 0x00, 0x00, 0x00, 0xFF, 0x00, 0xFF, 0x00, 0xFF, 0xFF, 0x00,
    0xFF, 0x00, 0xFF, 0x00, 0xFF, 0xFF, 0xFF, 0xFF, 0xFF, 0xFF, 0x00, 0x00, 0x00, 0x00, 0xFF, 0x00,
    0xFF, 0x00, 0xFF, 0xFF, 0x00, 0xFF, 0x00, 0xFF, 0x00, 0xFF, 0xFF, 0xFF, 0xFF, 0xFF, 0xFF, 0x00,
    0x00, 0x00, 0x00, 0xFF, 0x00, 0xFF, 0x00, 0xFF, 0xFF, 0x00, 0xFF, 0x00, 0xFF, 0x00, 0xFF, 0xFF,
    0xFF, 0xFF, 0xFF, 0xFF, 0x00, 0x00, 0x00, 0x00, 0xFF, 0x00, 0xFF, 0x00, 0xFF, 0xFF, 0x00, 0xFF,
    0x00, 0xFF, 0x00, 0xFF, 0xFF, 0xFF, 0xFF, 0xFF, 0xFF, 0x00, 0x00, 0x00, 0x00, 0xFF, 0x00, 0xFF,
    0x00, 0xFF, 0xFF, 0x00, 0xFF, 0x00, 0xFF, 0x00, 0xFF, 0xFF, 0xFF, 0xFF, 0xFF, 0xFF, 0x00, 0x00,
    0x00, 0x00, 0xFF, 0x00, 0xFF, 0x00, 0xFF, 0xFF, 0x00, 0xFF, 0x00, 0xFF, 0x00, 0xFF, 0xFF, 0xFF,
    0xFF, 0xFF, 0x3F, 0x00, 0xFF, 0x00, 0x00, 0xFF, 0x00, 0xFF, 0x00, 0xFF, 0xFF, 0x00, 0xFF, 0x00,
    0xFF, 0x00, 0xFF, 0xFF, 0xFF, 0xFF, 0xFF, 0xFF, 0x00, 0x00, 0x00, 0x00, 0xFF, 0x00, 0xFF, 0x00,
    0xFF, 0xFF, 0x00, 0xFF, 0x00, 0xFF, 0x00, 0xFF, 0xFF, 0xFF, 0xFF, 0xFF, 0xFF, 0x00, 0x00, 0x00,
    0x00, 0xFF, 0x00, 0xFF, 0x00, 0xFF, 0xFF, 0x00, 0xFF, 0x00, 0xFF, 0x00, 0xFF, 0xFF, 0xFF, 0xFF,
    0xFF, 0xFF, 0x00, 0x00, 0x00, 0x00, 0xFF, 0x00, 0xFF, 0x00, 0xFF, 0xFF, 0x00, 0xFF, 0x00, 0xFF,
    0x00, 0xFF, 0xFF, 0xFF, 0xFF, 0xFF, 0xFF, 0x00, 0x00, 0x00, 0x00, 0xFF, 0x00, 0xFF, 0x00, 0xFF,
    0xFF, 0x00, 0xFF, 0x00, 0xFF, 0x00, 0xFF, 0xFF, 0xFF, 0xFF, 0xFF, 0xFF, 0x00, 0x00, 0xFF, 0xFF,
    0x00, 0x00, 0xFF, 0x00, 0x00, 0xFF, 0xFF, 0x00
},
/* effect 0x14 */
{
    0x06, 0x83, 0xB6, 0x00, 0x00, 0x00, 0x00, 0x00, 0x00, 0x00, 0x00, 0x00, 0x00, 0x00, 0x5A, 0xA5,
    0x03, 0x03, 0x00, 0x00, 0x00, 0x14, 0x20, 0x02, 0x00, 0x00, 0x00, 0x00, 0x55, 0x55, 0x01, 0x00,
    0x00, 0x00, 0x00, 0x00, 0xFF, 0xFF, 0x00, 0x31, 0x00, 0x34, 0x00, 0x34, 0x07, 0x34, 0x00, 0x34,
    0x00, 0x34, 0x07, 0x34, 0x07, 0x34, 0x07, 0x34, 0x07, 0x34, 0x00, 0x34, 0x07, 0x34, 0x07, 0x34,
    0x07, 0x34, 0x07, 0x34, 0x07, 0x34, 0x07, 0x34, 0x00, 0x34, 0x07, 0x34, 0x07, 0x34, 0x07, 0x34,
    0x07, 0x34, 0x07, 0x44, 0x07, 0x44, 0x07, 0x44, 0x07, 0x44, 0x07, 0x44, 0x07, 0x44, 0x07, 0x44,
    0x04, 0x04, 0x04, 0x04, 0x04, 0x04, 0x04, 0x04, 0x04, 0x04, 0x00, 0x00, 0x00, 0x00, 0x00, 0x00,
    0x00, 0x00, 0x00, 0x00, 0x00, 0x00, 0x00, 0x00, 0x00, 0x00, 0x00, 0x00, 0x00, 0x00, 0x00, 0x00,
    0x00, 0x00, 0x00, 0x00, 0x00, 0x00, 0x00, 0x00, 0x00, 0x5A, 0xA5, 0x03, 0x03, 0x00, 0x00, 0x00,
    0x0B, 0x00, 0x01, 0x00, 0x00, 0x00, 0x00, 0x55, 0x55, 0x01, 0x00, 0x00, 0x00, 0x00, 0x00, 0xFF,
    0xFF, 0x07, 0x44, 0x07, 0x44, 0x07, 0x44, 0x07, 0x44, 0x07, 0x44, 0x07, 0x44, 0x07, 0x44, 0x07,
    0x44, 0x07, 0x44, 0x07, 0x44, 0x07, 0x44, 0x07, 0x44, 0x07, 0x44, 0x07, 0x44, 0x07, 0x44, 0x07,
    0x44, 0x07, 0x44, 0x07, 0x44, 0x07, 0x44, 0x07, 0x44, 0x07, 0x44, 0x07, 0x44, 0x07, 0x44, 0x07,
    0x44, 0x07, 0x44, 0x07, 0x44, 0x07, 0x44, 0x07, 0x44, 0x07, 0x44, 0x04, 0x04, 0x04, 0x04, 0x04,
    0x04, 0x04, 0x04, 0x04, 0x04, 0x00, 0x00, 0x00, 0x00, 0x00, 0x00, 0x00, 0x00, 0x00, 0x00, 0x00,
    0x00, 0x00, 0x00, 0x00, 0x00, 0x00, 0x00, 0x00, 0x00, 0x00, 0x00, 0x00, 0x00, 0x00, 0x00, 0x00,
    0x00, 0x00, 0x00, 0x00, 0x5A, 0xA5, 0x00, 0x00, 0x44, 0x01, 0x00, 0x00, 0x06, 0x00, 0x00, 0x00,
    0x4C, 0x04, 0x00, 0x00, 0x00, 0x00, 0x00, 0x00, 0xDA, 0x3F, 0x06, 0x00, 0x8D, 0xE5, 0x7A, 0xB2,
    0x2C, 0x04, 0x00, 0x00, 0x2C, 0x04, 0x00, 0x00, 0x1C, 0x00, 0x10, 0xB0, 0xEF, 0x5C, 0x0D, 0xA7,
    0xFF, 0xFF, 0x00, 0x00, 0x00, 0x00, 0x1B, 0x00, 0x00, 0x02, 0x00, 0x01, 0x00, 0x00, 0x02, 0x10,
    0x04, 0x00, 0x00, 0x00, 0x21, 0x09, 0x06, 0x03, 0x01, 0x00, 0x08, 0x04, 0x06, 0x09, 0xBC, 0x00,
    0x40, 0x00, 0x00, 0x00, 0x00, 0x00, 0x00, 0x00, 0x00, 0x00, 0x00, 0x00, 0x00, 0x00, 0x00, 0x00,
    0x00, 0x00, 0x00, 0x00, 0x00, 0x00, 0x00, 0x00, 0x00, 0x00, 0x00, 0x00, 0x00, 0x00, 0x00, 0x00,
    0x00, 0x00, 0x00, 0x00, 0x00, 0x00, 0x00, 0x00, 0x00, 0x00, 0x00, 0x00, 0x00, 0x00, 0x00, 0x00,
    0x00, 0x00, 0x00, 0x00, 0x00, 0x00, 0x00, 0x00, 0x00, 0x00, 0x00, 0x00, 0x00, 0x00, 0x00, 0x00,
    0x00, 0x00, 0x00, 0x00, 0x00, 0x00, 0x00, 0x00, 0x00, 0x00, 0x00, 0x00, 0x00, 0x00, 0x00, 0x00,
    0x00, 0x00, 0x00, 0x00, 0x00, 0x00, 0x00, 0x00, 0x00, 0x00, 0x00, 0x00, 0x00, 0x00, 0x00, 0x00,
    0x00, 0x00, 0x00, 0x00, 0x00, 0x00, 0x00, 0x00, 0x00, 0x00, 0x00, 0x00, 0x00, 0x00, 0x00, 0x00,
    0x00, 0x00, 0x00, 0x00, 0x00, 0x00, 0x00, 0x00, 0x00, 0x00, 0x00, 0x00, 0x00, 0x00, 0x00, 0x00,
    0x00, 0x00, 0x00, 0x00, 0x00, 0x00, 0x00, 0x00, 0x00, 0x00, 0x00, 0x00, 0x00, 0x00, 0x00, 0x00,
    0x00, 0x00, 0x00, 0x00, 0x00, 0x00, 0x00, 0x00, 0x00, 0x00, 0x00, 0x00, 0x00, 0x00, 0x00, 0x00,
    0x00, 0x00, 0x00, 0x00, 0x00, 0x00, 0x00, 0x00, 0x00, 0x00, 0x00, 0x00, 0x00, 0x00, 0x00, 0x00,
    0x00, 0x00, 0x00, 0x00, 0x00, 0x00, 0x00, 0x00, 0x00, 0x00, 0x00, 0x00, 0x00, 0x00, 0x00, 0x00,
    0x00, 0x00, 0x00, 0x00, 0x00, 0x00, 0x00, 0x00, 0x00, 0x00, 0x00, 0x00, 0x00, 0x00, 0x00, 0x00,
    0x00, 0x00, 0x00, 0x00, 0x00, 0x00, 0x00, 0x00, 0x00, 0x00, 0x00, 0x00, 0x00, 0x00, 0x00, 0x00,
    0x00, 0x00, 0x00, 0x00, 0x00, 0x00, 0x00, 0x00, 0x00, 0x00, 0x00, 0x00, 0x00, 0x00, 0x00, 0x00,
    0x00, 0x00, 0x00, 0x00, 0x00, 0x00, 0x00, 0x00, 0x00, 0x00, 0x00, 0x00, 0x00, 0x00, 0x00, 0x00,
    0x00, 0x00, 0x00, 0x00, 0x00, 0x00, 0x00, 0x00, 0x00, 0x00, 0x00, 0x00, 0x00, 0x00, 0x00, 0x00,
    0x00, 0x00, 0x00, 0x00, 0x00, 0x00, 0x00, 0x00, 0x00, 0x00, 0x00, 0x00, 0x00, 0x00, 0x00, 0x00,
    0x00, 0x00, 0x00, 0x00, 0x00, 0x00, 0x00, 0x00, 0x00, 0x00, 0x00, 0x00, 0x00, 0x00, 0x00, 0x00,
    0x00, 0x00, 0x00, 0x00, 0x00, 0x00, 0x00, 0x00, 0x00, 0x00, 0x00, 0x00, 0x00, 0x00, 0x00, 0x00,
    0x00, 0x00, 0x00, 0x00, 0x00, 0x00, 0x00, 0x00, 0x00, 0x00, 0x00, 0x00, 0x00, 0x00, 0x00, 0x00,
    0x00, 0x00, 0x00, 0x00, 0x00, 0x00, 0x00, 0x00, 0x00, 0x00, 0x00, 0x00, 0x00, 0x00, 0x00, 0x00,
    0x00, 0x00, 0x00, 0x00, 0x00, 0x00, 0x00, 0x00, 0x00, 0x00, 0x00, 0x00, 0x00, 0x00, 0x00, 0x00,
    0x00, 0x00, 0x00, 0x00, 0x00, 0x00, 0x00, 0x00, 0x00, 0x00, 0x00, 0x00, 0x00, 0x00, 0x00, 0x00,
    0x00, 0x00, 0x00, 0x00, 0x00, 0x00, 0x00, 0x00, 0x00, 0x00, 0x00, 0x00, 0x00, 0x00, 0x00, 0x00,
    0x00, 0x00, 0x00, 0x00, 0x00, 0x00, 0x00, 0x00, 0x00, 0x00, 0x00, 0x00, 0x00, 0x00, 0x00, 0x00,
    0x00, 0x00, 0x00, 0x00, 0x00, 0x00, 0x00, 0x00, 0x00, 0x00, 0x00, 0x00, 0x00, 0x00, 0x00, 0x00,
    0x00, 0x00, 0x00, 0x00, 0x00, 0x00, 0x00, 0x00, 0x00, 0x00, 0x00, 0x00, 0x00, 0x00, 0x00, 0x00,
    0x00, 0x00, 0x00, 0x00, 0x00, 0x00, 0x00, 0x00, 0x00, 0x00, 0x00, 0x00, 0x00, 0x00, 0x00, 0x00,
    0x00, 0x00, 0x00, 0x00, 0x00, 0x00, 0x00, 0x00, 0x00, 0x00, 0x00, 0x00, 0x00, 0x00, 0x00, 0x00,
    0x00, 0x00, 0x00, 0x00, 0x00, 0x00, 0x00, 0x00, 0x00, 0x00, 0x00, 0x00, 0x00, 0x00, 0x00, 0x00,
    0x00, 0x00, 0x00, 0x00, 0x00, 0x00, 0x00, 0x00, 0x00, 0x00, 0x00, 0x00, 0x00, 0x00, 0x00, 0x00,
    0x00, 0x00, 0x00, 0x00, 0x00, 0x00, 0x00, 0x00, 0x00, 0x00, 0x00, 0x00, 0x00, 0x00, 0x00, 0x00,
    0x00, 0x00, 0x00, 0x00, 0x00, 0x00, 0x00, 0x00, 0x00, 0x00, 0x00, 0x00, 0x00, 0x00, 0x00, 0x00,
    0x00, 0x00, 0x00, 0x00, 0x00, 0x00, 0x00, 0x00, 0x00, 0x00, 0x00, 0x00, 0x00, 0x00, 0x00, 0x00,
    0x00, 0x00, 0x00, 0x00, 0x00, 0x00, 0x00, 0x00, 0x00, 0x00, 0x00, 0x00, 0x00, 0x00, 0x00, 0x00,
    0x00, 0x00, 0x00, 0x00, 0x00, 0x00, 0x00, 0x00, 0x00, 0x00, 0x00, 0x00, 0x00, 0x00, 0x00, 0x00,
    0x00, 0x00, 0x00, 0x00, 0x00, 0x00, 0x00, 0x00, 0x00, 0x00, 0x00, 0x00, 0x00, 0x00, 0x00, 0x00,
    0x00, 0x00, 0x00, 0x00, 0x00, 0x00, 0x00, 0x00, 0x00, 0x00, 0x00, 0x00, 0x00, 0x00, 0x00, 0x00,
    0x00, 0x00, 0x00, 0x00, 0x00, 0x00, 0x00, 0x00, 0x00, 0x00, 0x00, 0x00, 0x00, 0x00, 0x00, 0x00,
    0x00, 0x00, 0x00, 0x00, 0x00, 0x00, 0x00, 0x00, 0x00, 0x00, 0x00, 0x00, 0x00, 0x00, 0x00, 0x00,
    0x00, 0x00, 0x00, 0x00, 0x00, 0x00, 0x00, 0x00, 0x00, 0x00, 0x00, 0x00, 0x00, 0x00, 0x00, 0x00,
    0x00, 0x00, 0x00, 0x00, 0x00, 0x00, 0x00, 0x00, 0x00, 0x00, 0x00, 0x00, 0x00, 0x00, 0x00, 0x00,
    0x00, 0x00, 0x00, 0x00, 0x00, 0x00, 0x00, 0x00
}
};
